signature	gene	note
Gelli2023_LM	PLA2G12B	logFC=-5.615
Gelli2023_PM	CLDN18	logFC=4.891
Gelli2023_PM	AC034229.2	logFC=4.57
Gelli2023_LM	PKLR	logFC=-4.671
Gelli2023_PM	NTSR1	logFC=5.28
Gelli2023_LM	CYP4F2	logFC=-4.003
Gelli2023_PM	PRSS2	logFC=5.756
Gelli2023_PM	SLC26A9	logFC=4.647
Gelli2023_LM	LINC02441	logFC=-4.795
Gelli2023_PM	TBR1	logFC=4.208
Gelli2023_PM	AC097478.2	logFC=3.278
Gelli2023_PM	KIF19	logFC=3.999
Gelli2023_LM	SLC13A2	logFC=-4.595
Gelli2023_PM	TCN1	logFC=4.907
Gelli2023_PM	MSMB	logFC=4.308
Gelli2023_PM	LINC01413	logFC=3.814
Gelli2023_LM	ACE2	logFC=-3.267
Gelli2023_PM	LDLRAD1	logFC=3.64
Gelli2023_PM	C8orf37-AS1	logFC=2.765
Gelli2023_LM	CELP	logFC=-3.05
Gelli2023_PM	HRASLS5	logFC=3.754
Gelli2023_LM	AC034229.3	logFC=-3.344
Gelli2023_PM	ROPN1L	logFC=2.712
Gelli2023_PM	PLXNB3	logFC=3.68
Gelli2023_PM	GRIP2	logFC=2.796
Gelli2023_PM	ARMC4	logFC=2.986
Gelli2023_PM	DUSP4	logFC=2.764
Gelli2023_LM	AC106772.2	logFC=-2.994
Gelli2023_LM	TNMD	logFC=-3.205
Gelli2023_LM	HAVCR1	logFC=-3.769
Gelli2023_PM	HS3ST5	logFC=3.718
Gelli2023_PM	C16orf54	logFC=3.036
Gelli2023_PM	KLK11	logFC=3.457
Gelli2023_PM	DDIT4L	logFC=3.401
Gelli2023_LM	UGT2B17	logFC=-7.3
Gelli2023_PM	ARX	logFC=3.749
Gelli2023_PM	ULK4P1	logFC=3.357
Gelli2023_LM	AQP12A	logFC=-3.424
Gelli2023_LM	CAPN13	logFC=-3.278
Gelli2023_LM	FABP1	logFC=-4.724
Gelli2023_PM	CCDC181	logFC=3.303
Gelli2023_PM	AC004947.1	logFC=3.817
Gelli2023_PM	LINC01589	logFC=2.706
Gelli2023_PM	SCG2	logFC=3.005
Gelli2023_PM	FZD9	logFC=2.874
Gelli2023_PM	HAND1	logFC=4.081
Gelli2023_PM	LINC02084	logFC=2.879
Gelli2023_PM	NBPF5P	logFC=3.251
Gelli2023_LM	CYP2B6	logFC=-3.619
Gelli2023_LM	AC019257.2	logFC=-2.658
Gelli2023_LM	CECR3	logFC=-3.074
Gelli2023_LM	AC004233.1	logFC=-2.774
Gelli2023_LM	AC093585.1	logFC=-3.006
Gelli2023_PM	PDE10A	logFC=2.725
Gelli2023_PM	BMPR1B	logFC=3.186
Gelli2023_PM	TTC29	logFC=2.769
Gelli2023_PM	AC097478.3	logFC=2.917
Gelli2023_LM	AC007614.3	logFC=-3.007
Gelli2023_PM	CLEC18B	logFC=2.85
Gelli2023_PM	PRKCG	logFC=3.19
Gelli2023_PM	CTSG	logFC=3.181
Laoukili2022_PM366	FCN2	higher in PM vs paired PT
Laoukili2022_PM366	AC010969.1	higher in PM vs paired PT
Laoukili2022_PM366	CSN1S1	higher in PM vs paired PT
Laoukili2022_PM366	FAM180B	higher in PM vs paired PT
Laoukili2022_PM366	MT-TA	higher in PM vs paired PT
Laoukili2022_PM366	SLC7A10	higher in PM vs paired PT
Laoukili2022_PM366	NT5C1A	higher in PM vs paired PT
Laoukili2022_PM366	VTRNA2-1	higher in PM vs paired PT
Laoukili2022_PM366	GOLGA8IP	higher in PM vs paired PT
Laoukili2022_PM366	AL035610.1	higher in PM vs paired PT
Laoukili2022_PM366	CIDEA	higher in PM vs paired PT
Laoukili2022_PM366	MT-TQ	higher in PM vs paired PT
Laoukili2022_PM366	CPA1	higher in PM vs paired PT
Laoukili2022_PM366	TUSC5	higher in PM vs paired PT
Laoukili2022_PM366	SLC25A18	higher in PM vs paired PT
Laoukili2022_PM366	ADIPOQ	higher in PM vs paired PT
Laoukili2022_PM366	C14ORF180	higher in PM vs paired PT
Laoukili2022_PM366	ACADL	higher in PM vs paired PT
Laoukili2022_PM366	HEPACAM	higher in PM vs paired PT
Laoukili2022_PM366	MRAP	higher in PM vs paired PT
Laoukili2022_PM366	THRSP	higher in PM vs paired PT
Laoukili2022_PM366	RP11-667K14.4	higher in PM vs paired PT
Laoukili2022_PM366	CD300LG	higher in PM vs paired PT
Laoukili2022_PM366	MIRLET7D	higher in PM vs paired PT
Laoukili2022_PM366	SGCG	higher in PM vs paired PT
Laoukili2022_PM366	EPGN	higher in PM vs paired PT
Laoukili2022_PM366	RP3-483K16.4	higher in PM vs paired PT
Laoukili2022_PM366	AC005550.4	higher in PM vs paired PT
Laoukili2022_PM366	MT-TP	higher in PM vs paired PT
Laoukili2022_PM366	TCF23	higher in PM vs paired PT
Laoukili2022_PM366	KLF14	higher in PM vs paired PT
Laoukili2022_PM366	GATA5	higher in PM vs paired PT
Laoukili2022_PM366	MAG	higher in PM vs paired PT
Laoukili2022_PM366	ASTN1	higher in PM vs paired PT
Laoukili2022_PM366	EGR4	higher in PM vs paired PT
Laoukili2022_PM366	ASIP	higher in PM vs paired PT
Laoukili2022_PM366	FAT2	higher in PM vs paired PT
Laoukili2022_PM366	TMEM132C	higher in PM vs paired PT
Laoukili2022_PM366	CPA4	higher in PM vs paired PT
Laoukili2022_PM366	TRPM3	higher in PM vs paired PT
Laoukili2022_PM366	RP11-893F2.6	higher in PM vs paired PT
Laoukili2022_PM366	BNC1	higher in PM vs paired PT
Laoukili2022_PM366	CNTFR	higher in PM vs paired PT
Laoukili2022_PM366	TMEM151A	higher in PM vs paired PT
Laoukili2022_PM366	KCNA1	higher in PM vs paired PT
Laoukili2022_PM366	LEP	higher in PM vs paired PT
Laoukili2022_PM366	TNNT3	higher in PM vs paired PT
Laoukili2022_PM366	TPRG1-AS1	higher in PM vs paired PT
Laoukili2022_PM366	TCEAL5	higher in PM vs paired PT
Laoukili2022_PM366	HP	higher in PM vs paired PT
Laoukili2022_PM366	VIT	higher in PM vs paired PT
Laoukili2022_PM366	PLIN1	higher in PM vs paired PT
Laoukili2022_PM366	PRG4	higher in PM vs paired PT
Laoukili2022_PM366	KRT5	higher in PM vs paired PT
Laoukili2022_PM366	HCAR1	higher in PM vs paired PT
Laoukili2022_PM366	SIGLEC22P	higher in PM vs paired PT
Laoukili2022_PM366	PLCXD3	higher in PM vs paired PT
Laoukili2022_PM366	PRRT4	higher in PM vs paired PT
Laoukili2022_PM366	NAT8L	higher in PM vs paired PT
Laoukili2022_PM366	WT1-AS	higher in PM vs paired PT
Laoukili2022_PM366	GREB1L	higher in PM vs paired PT
Laoukili2022_PM366	ADAMTS9-AS1	higher in PM vs paired PT
Laoukili2022_PM366	SLITRK2	higher in PM vs paired PT
Laoukili2022_PM366	LINC01018	higher in PM vs paired PT
Laoukili2022_PM366	SCN4A	higher in PM vs paired PT
Laoukili2022_PM366	SLITRK5	higher in PM vs paired PT
Laoukili2022_PM366	RP11-259P15.4	higher in PM vs paired PT
Laoukili2022_PM366	MS4A4E	higher in PM vs paired PT
Laoukili2022_PM366	LINC00989	higher in PM vs paired PT
Laoukili2022_PM366	DNM1P47	higher in PM vs paired PT
Laoukili2022_PM366	PI16	higher in PM vs paired PT
Laoukili2022_PM366	C6	higher in PM vs paired PT
Laoukili2022_PM366	PPP1R1A	higher in PM vs paired PT
Laoukili2022_PM366	PCDHA12	higher in PM vs paired PT
Laoukili2022_PM366	HPCAL4	higher in PM vs paired PT
Laoukili2022_PM366	FABP4	higher in PM vs paired PT
Laoukili2022_PM366	LINC00607	higher in PM vs paired PT
Laoukili2022_PM366	RP11-62F24.2	higher in PM vs paired PT
Laoukili2022_PM366	SUGT1P1	higher in PM vs paired PT
Laoukili2022_PM366	AL132709.5	higher in PM vs paired PT
Laoukili2022_PM366	CCDC39	higher in PM vs paired PT
Laoukili2022_PM366	COL25A1	higher in PM vs paired PT
Laoukili2022_PM366	LBP	higher in PM vs paired PT
Laoukili2022_PM366	KLB	higher in PM vs paired PT
Laoukili2022_PM366	C5ORF49	higher in PM vs paired PT
Laoukili2022_PM366	PCOLCE2	higher in PM vs paired PT
Laoukili2022_PM366	RP11-472N13.3	higher in PM vs paired PT
Laoukili2022_PM366	CTD-2619J13.9	higher in PM vs paired PT
Laoukili2022_PM366	NTNG1	higher in PM vs paired PT
Laoukili2022_PM366	ANKRD45	higher in PM vs paired PT
Laoukili2022_PM366	KRBOX1	higher in PM vs paired PT
Laoukili2022_PM366	HAS1	higher in PM vs paired PT
Laoukili2022_PM366	RP11-733O18.1	higher in PM vs paired PT
Laoukili2022_PM366	AP000476.1	higher in PM vs paired PT
Laoukili2022_PM366	MT-TT	higher in PM vs paired PT
Laoukili2022_PM366	SIX2	higher in PM vs paired PT
Laoukili2022_PM366	PLIN4	higher in PM vs paired PT
Laoukili2022_PM366	CCIN	higher in PM vs paired PT
Laoukili2022_PM366	TSKS	higher in PM vs paired PT
Laoukili2022_PM366	RP11-413E6.1	higher in PM vs paired PT
Laoukili2022_PM366	MED12L	higher in PM vs paired PT
Laoukili2022_PM366	CRHBP	higher in PM vs paired PT
Laoukili2022_PM366	MYOZ1	higher in PM vs paired PT
Laoukili2022_PM366	MUM1L1	higher in PM vs paired PT
Laoukili2022_PM366	CNKSR2	higher in PM vs paired PT
Laoukili2022_PM366	GALNT13	higher in PM vs paired PT
Laoukili2022_PM366	ZNF676	higher in PM vs paired PT
Laoukili2022_PM366	ADD2	higher in PM vs paired PT
Laoukili2022_PM366	GRIN2A	higher in PM vs paired PT
Laoukili2022_PM366	RP11-834C11.7	higher in PM vs paired PT
Laoukili2022_PM366	FOSB	higher in PM vs paired PT
Laoukili2022_PM366	SFRP1	higher in PM vs paired PT
Laoukili2022_PM366	CIDEC	higher in PM vs paired PT
Laoukili2022_PM366	CADM3	higher in PM vs paired PT
Laoukili2022_PM366	VSTM2L	higher in PM vs paired PT
Laoukili2022_PM366	WT1	higher in PM vs paired PT
Laoukili2022_PM366	LINC00565	higher in PM vs paired PT
Laoukili2022_PM366	KCNAB1	higher in PM vs paired PT
Laoukili2022_PM366	ADH1B	higher in PM vs paired PT
Laoukili2022_PM366	PRSS35	higher in PM vs paired PT
Laoukili2022_PM366	ACSM5	higher in PM vs paired PT
Laoukili2022_PM366	FMO1	higher in PM vs paired PT
Laoukili2022_PM366	FMO2	higher in PM vs paired PT
Laoukili2022_PM366	EXTL1	higher in PM vs paired PT
Laoukili2022_PM366	NGFR	higher in PM vs paired PT
Laoukili2022_PM366	SLITRK4	higher in PM vs paired PT
Laoukili2022_PM366	ADRA1B	higher in PM vs paired PT
Laoukili2022_PM366	ASPA	higher in PM vs paired PT
Laoukili2022_PM366	GALNT16	higher in PM vs paired PT
Laoukili2022_PM366	HRASLS5	higher in PM vs paired PT
Laoukili2022_PM366	AC090587.4	higher in PM vs paired PT
Laoukili2022_PM366	RGS4	higher in PM vs paired PT
Laoukili2022_PM366	ADGRG2	higher in PM vs paired PT
Laoukili2022_PM366	ABCA8	higher in PM vs paired PT
Laoukili2022_PM366	AGTR1	higher in PM vs paired PT
Laoukili2022_PM366	DIRAS1	higher in PM vs paired PT
Laoukili2022_PM366	CTD-2162K18.5	higher in PM vs paired PT
Laoukili2022_PM366	EBF2	higher in PM vs paired PT
Laoukili2022_PM366	NGF	higher in PM vs paired PT
Laoukili2022_PM366	CLDN11	higher in PM vs paired PT
Laoukili2022_PM366	BCHE	higher in PM vs paired PT
Laoukili2022_PM366	PKNOX2	higher in PM vs paired PT
Laoukili2022_PM366	C7	higher in PM vs paired PT
Laoukili2022_PM366	OSR1	higher in PM vs paired PT
Laoukili2022_PM366	RYR1	higher in PM vs paired PT
Laoukili2022_PM366	IL10	higher in PM vs paired PT
Laoukili2022_PM366	LRRN1	higher in PM vs paired PT
Laoukili2022_PM366	PAK3	higher in PM vs paired PT
Laoukili2022_PM366	PLAC9	higher in PM vs paired PT
Laoukili2022_PM366	RBP7	higher in PM vs paired PT
Laoukili2022_PM366	KLHL4	higher in PM vs paired PT
Laoukili2022_PM366	GPIHBP1	higher in PM vs paired PT
Laoukili2022_PM366	CRABP2	higher in PM vs paired PT
Laoukili2022_PM366	FOXC2	higher in PM vs paired PT
Laoukili2022_PM366	ABCA9	higher in PM vs paired PT
Laoukili2022_PM366	CDH23	higher in PM vs paired PT
Laoukili2022_PM366	NAV3	higher in PM vs paired PT
Laoukili2022_PM366	CORO2B	higher in PM vs paired PT
Laoukili2022_PM366	KCNJ5	higher in PM vs paired PT
Laoukili2022_PM366	UCHL1	higher in PM vs paired PT
Laoukili2022_PM366	SNX32	higher in PM vs paired PT
Laoukili2022_PM366	NR4A3	higher in PM vs paired PT
Laoukili2022_PM366	ADAMTS15	higher in PM vs paired PT
Laoukili2022_PM366	CD36	higher in PM vs paired PT
Laoukili2022_PM366	NTRK2	higher in PM vs paired PT
Laoukili2022_PM366	MEOX2	higher in PM vs paired PT
Laoukili2022_PM366	PCDHGA12	higher in PM vs paired PT
Laoukili2022_PM366	LRRC4	higher in PM vs paired PT
Laoukili2022_PM366	ARL4D	higher in PM vs paired PT
Laoukili2022_PM366	HSPB6	higher in PM vs paired PT
Laoukili2022_PM366	KCNT2	higher in PM vs paired PT
Laoukili2022_PM366	CYP1B1	higher in PM vs paired PT
Laoukili2022_PM366	CLSTN2	higher in PM vs paired PT
Laoukili2022_PM366	PIEZO2	higher in PM vs paired PT
Laoukili2022_PM366	ZNF229	higher in PM vs paired PT
Laoukili2022_PM366	ZFPM2	higher in PM vs paired PT
Laoukili2022_PM366	RP11-572C15.6	higher in PM vs paired PT
Laoukili2022_PM366	IGF1	higher in PM vs paired PT
Laoukili2022_PM366	EGR3	higher in PM vs paired PT
Laoukili2022_PM366	ATP8B3	higher in PM vs paired PT
Laoukili2022_PM366	EGR2	higher in PM vs paired PT
Laoukili2022_PM366	SRPX	higher in PM vs paired PT
Laoukili2022_PM366	C19ORF26	higher in PM vs paired PT
Laoukili2022_PM366	TDRD9	higher in PM vs paired PT
Laoukili2022_PM366	LIPE	higher in PM vs paired PT
Laoukili2022_PM366	OPRL1	higher in PM vs paired PT
Laoukili2022_PM366	TPRG1	higher in PM vs paired PT
Laoukili2022_PM366	ABCA6	higher in PM vs paired PT
Laoukili2022_PM366	PDE1B	higher in PM vs paired PT
Laoukili2022_PM366	C17ORF107	higher in PM vs paired PT
Laoukili2022_PM366	MFAP5	higher in PM vs paired PT
Laoukili2022_PM366	ADCY1	higher in PM vs paired PT
Laoukili2022_PM366	MEDAG	higher in PM vs paired PT
Laoukili2022_PM366	LINC00341	higher in PM vs paired PT
Laoukili2022_PM366	PDK4	higher in PM vs paired PT
Laoukili2022_PM366	CFD	higher in PM vs paired PT
Laoukili2022_PM366	PTGIS	higher in PM vs paired PT
Laoukili2022_PM366	FAM69B	higher in PM vs paired PT
Laoukili2022_PM366	ANKRD29	higher in PM vs paired PT
Laoukili2022_PM366	SLIT2	higher in PM vs paired PT
Laoukili2022_PM366	GHR	higher in PM vs paired PT
Laoukili2022_PM366	TGFB3	higher in PM vs paired PT
Laoukili2022_PM366	CXORF21	higher in PM vs paired PT
Laoukili2022_PM366	FBXL2	higher in PM vs paired PT
Laoukili2022_PM366	ZNF287	higher in PM vs paired PT
Laoukili2022_PM366	RP5-1042I8.7	higher in PM vs paired PT
Laoukili2022_PM366	GUCY1A2	higher in PM vs paired PT
Laoukili2022_PM366	NPR1	higher in PM vs paired PT
Laoukili2022_PM366	NPTXR	higher in PM vs paired PT
Laoukili2022_PM366	ANKRD6	higher in PM vs paired PT
Laoukili2022_PM366	ZNF829	higher in PM vs paired PT
Laoukili2022_PM366	CDON	higher in PM vs paired PT
Laoukili2022_PM366	LPL	higher in PM vs paired PT
Laoukili2022_PM366	PCDHGB7	higher in PM vs paired PT
Laoukili2022_PM366	NFATC1	higher in PM vs paired PT
Laoukili2022_PM366	ID4	higher in PM vs paired PT
Laoukili2022_PM366	LARP6	higher in PM vs paired PT
Laoukili2022_PM366	GPX3	higher in PM vs paired PT
Laoukili2022_PM366	NR4A2	higher in PM vs paired PT
Laoukili2022_PM366	RP11-420L9.5	higher in PM vs paired PT
Laoukili2022_PM366	CCDC80	higher in PM vs paired PT
Laoukili2022_PM366	EGR1	higher in PM vs paired PT
Laoukili2022_PM366	CTC-205M6.5	higher in PM vs paired PT
Laoukili2022_PM366	HPGDS	higher in PM vs paired PT
Laoukili2022_PM366	LINC00936	higher in PM vs paired PT
Laoukili2022_PM366	DENND2C	higher in PM vs paired PT
Laoukili2022_PM366	ZFHX2	higher in PM vs paired PT
Laoukili2022_PM366	KLF2	higher in PM vs paired PT
Laoukili2022_PM366	TIAM1	higher in PM vs paired PT
Laoukili2022_PM366	FOS	higher in PM vs paired PT
Laoukili2022_PM366	NINL	higher in PM vs paired PT
Laoukili2022_PM366	COPZ2	higher in PM vs paired PT
Laoukili2022_PM366	MMP19	higher in PM vs paired PT
Laoukili2022_PM366	MIR22HG	higher in PM vs paired PT
Laoukili2022_PM366	C1ORF162	higher in PM vs paired PT
Laoukili2022_PM366	ROR1	higher in PM vs paired PT
Laoukili2022_PM366	DUSP1	higher in PM vs paired PT
Laoukili2022_PM366	ZNF423	higher in PM vs paired PT
Laoukili2022_PM366	PALMD	higher in PM vs paired PT
Laoukili2022_PM366	ZNF331	higher in PM vs paired PT
Laoukili2022_PM366	GPR183	higher in PM vs paired PT
Laoukili2022_PM366	MAP1B	higher in PM vs paired PT
Laoukili2022_PM366	ZFP82	higher in PM vs paired PT
Laoukili2022_PM366	HECTD2	higher in PM vs paired PT
Laoukili2022_PM366	ZDBF2	higher in PM vs paired PT
Laoukili2022_PM366	RGCC	higher in PM vs paired PT
Laoukili2022_PM366	LY86	higher in PM vs paired PT
Laoukili2022_PM366	ZNF549	higher in PM vs paired PT
Laoukili2022_PM366	NAP1L5	higher in PM vs paired PT
Laoukili2022_PM366	NR4A1	higher in PM vs paired PT
Laoukili2022_PM366	ECM2	higher in PM vs paired PT
Laoukili2022_PM366	ZNF354C	higher in PM vs paired PT
Laoukili2022_PM366	GPSM1	higher in PM vs paired PT
Laoukili2022_PM366	ABLIM3	higher in PM vs paired PT
Laoukili2022_PM366	RP11-469M7.1	higher in PM vs paired PT
Laoukili2022_PM366	CYR61	higher in PM vs paired PT
Laoukili2022_PM366	SLC46A1	higher in PM vs paired PT
Laoukili2022_PM366	SGK1	higher in PM vs paired PT
Laoukili2022_PM366	TMEM86A	higher in PM vs paired PT
Laoukili2022_PM366	VLDLR	higher in PM vs paired PT
Laoukili2022_PM366	DCBLD2	higher in PM vs paired PT
Laoukili2022_PM366	PDLIM3	higher in PM vs paired PT
Laoukili2022_PM366	C20ORF194	higher in PM vs paired PT
Laoukili2022_PM366	ERG	higher in PM vs paired PT
Laoukili2022_PM366	OLFML2B	higher in PM vs paired PT
Laoukili2022_PM366	CD83	higher in PM vs paired PT
Laoukili2022_PM366	TUBB2A	higher in PM vs paired PT
Laoukili2022_PM366	MDFI	higher in PM vs paired PT
Laoukili2022_PM366	TUBB6	higher in PM vs paired PT
Laoukili2022_PM366	RASSF2	higher in PM vs paired PT
Laoukili2022_PM366	PHLDB2	higher in PM vs paired PT
Laoukili2022_PM366	TUBA1A	higher in PM vs paired PT
Laoukili2022_PM366	MYO5A	higher in PM vs paired PT
Laoukili2022_PM366	NAT14	higher in PM vs paired PT
Laoukili2022_PM366	GADD45B	higher in PM vs paired PT
Laoukili2022_PM366	ADAP2	higher in PM vs paired PT
Laoukili2022_PM366	CSRNP1	higher in PM vs paired PT
Laoukili2022_PM366	VASH1	higher in PM vs paired PT
Laoukili2022_PM366	AC096772.6	higher in PM vs paired PT
Laoukili2022_PM366	CTGF	higher in PM vs paired PT
Laoukili2022_PM366	KIF3C	higher in PM vs paired PT
Laoukili2022_PM366	GPC1	higher in PM vs paired PT
Laoukili2022_PM366	PXDC1	higher in PM vs paired PT
Laoukili2022_PM366	SYNPO	higher in PM vs paired PT
Laoukili2022_PM366	NAV1	higher in PM vs paired PT
Laoukili2022_PM366	JUNB	higher in PM vs paired PT
Laoukili2022_PM366	PIM1	higher in PM vs paired PT
Laoukili2022_PM366	ANXA1	higher in PM vs paired PT
Laoukili2022_PM366	NATD1	higher in PM vs paired PT
Laoukili2022_PM366	RASGEF1B	higher in PM vs paired PT
Laoukili2022_PM366	ULK2	higher in PM vs paired PT
Laoukili2022_PM366	KATNAL1	higher in PM vs paired PT
Laoukili2022_PM366	ID3	higher in PM vs paired PT
Laoukili2022_PM366	DOCK4	higher in PM vs paired PT
Laoukili2022_PM366	ZNF684	higher in PM vs paired PT
Laoukili2022_PM366	EMP1	higher in PM vs paired PT
Laoukili2022_PM366	JDP2	higher in PM vs paired PT
Laoukili2022_PM366	WBP5	higher in PM vs paired PT
Laoukili2022_PM366	MYADM	higher in PM vs paired PT
Laoukili2022_PM366	AMOTL2	higher in PM vs paired PT
Laoukili2022_PM366	FOXO1	higher in PM vs paired PT
Laoukili2022_PM366	GABARAP	higher in PM vs paired PT
Laoukili2022_PM366	TIPARP	higher in PM vs paired PT
Laoukili2022_PM366	RHOB	higher in PM vs paired PT
Laoukili2022_PM366	IER2	higher in PM vs paired PT
Laoukili2022_PM366	VIM	higher in PM vs paired PT
Laoukili2022_PM366	SNX21	higher in PM vs paired PT
Laoukili2022_PM366	KDM6B	higher in PM vs paired PT
Laoukili2022_PM366	LRP1	higher in PM vs paired PT
Laoukili2022_PM366	MT-ND5	higher in PM vs paired PT
Laoukili2022_PM366	KLF10	higher in PM vs paired PT
Laoukili2022_PM366	CHFR	higher in PM vs paired PT
Laoukili2022_PM366	PHTF2	higher in PM vs paired PT
Laoukili2022_PM366	STAT5A	higher in PM vs paired PT
Laoukili2022_PM366	CTNS	higher in PM vs paired PT
Laoukili2022_PM366	WDR37	higher in PM vs paired PT
Laoukili2022_PM366	GSN	higher in PM vs paired PT
Laoukili2022_PM366	KLF6	higher in PM vs paired PT
Laoukili2022_PM366	LATS2	higher in PM vs paired PT
Laoukili2022_PM366	MARCH2	higher in PM vs paired PT
Laoukili2022_PM366	DAB2	higher in PM vs paired PT
Laoukili2022_PM366	MAST4	higher in PM vs paired PT
Laoukili2022_PM366	CYTH3	higher in PM vs paired PT
Laoukili2022_PM366	ABL2	higher in PM vs paired PT
Laoukili2022_PM366	ITSN1	higher in PM vs paired PT
Laoukili2022_PM366	ZNF17	higher in PM vs paired PT
Laoukili2022_PM366	ZNF516	higher in PM vs paired PT
Laoukili2022_PM366	MEGF8	higher in PM vs paired PT
Laoukili2022_PM366	TOM1L2	higher in PM vs paired PT
Laoukili2022_PM366	ARAP1	higher in PM vs paired PT
Laoukili2022_PM366	RAP2B	higher in PM vs paired PT
Laoukili2022_PM366	NDEL1	higher in PM vs paired PT
Laoukili2022_PM366	HGSNAT	higher in PM vs paired PT
Laoukili2022_PM366	ZNF18	higher in PM vs paired PT
Laoukili2022_PM366	PQLC1	higher in PM vs paired PT
Laoukili2022_PM366	TSC22D2	higher in PM vs paired PT
Laoukili2022_PM366	KLF11	higher in PM vs paired PT
Laoukili2022_PM366	MAP2K4	higher in PM vs paired PT
Laoukili2022_PM366	TRAF3	higher in PM vs paired PT
Laoukili2022_PM366	MEF2A	higher in PM vs paired PT
Laoukili2022_PM366	ZBTB22	higher in PM vs paired PT
Laoukili2022_PM366	NDST1	higher in PM vs paired PT
Laoukili2022_PM366	CHMP1B	higher in PM vs paired PT
Laoukili2022_PM366	IFT20	higher in PM vs paired PT
Laoukili2022_PM366	ADAM17	higher in PM vs paired PT
Laoukili2022_PM366	ZNF329	higher in PM vs paired PT
Laoukili2022_PM366	TNFAIP1	higher in PM vs paired PT
Laoukili2022_PM366	MPRIP	higher in PM vs paired PT
Laoukili2022_PM366	KCTD21	higher in PM vs paired PT
Laoukili2022_PM366	FRS2	higher in PM vs paired PT
Laoukili2022_PM366	DERL2	higher in PM vs paired PT
Laoukili2022_PM366	PRMT2	higher in PM vs paired PT
Laoukili2022_PM366	OPA3	higher in PM vs paired PT
Laoukili2022_PM366	SPAG7	higher in PM vs paired PT
Laoukili2022_PM366	CSRNP2	higher in PM vs paired PT
Laoukili2022_PM366	CTDP1	higher in PM vs paired PT
Laoukili2022_PM366	AKAP10	higher in PM vs paired PT
Laoukili2022_PM366	LRCH3	higher in PM vs paired PT
Laoukili2022_PM366	ANKFY1	higher in PM vs paired PT
Laoukili2022_PM366	TMEM43	higher in PM vs paired PT
Laoukili2022_PM366	BICD2	higher in PM vs paired PT
Laoukili2022_PM366	MTMR14	higher in PM vs paired PT
Laoukili2022_PM366	PAFAH1B1	higher in PM vs paired PT
Laoukili2022_PM366	CCDC127	higher in PM vs paired PT
Laoukili2022_PM366	WDR41	higher in PM vs paired PT
Laoukili2022_PM366	DVL3	higher in PM vs paired PT
Laoukili2022_PT138	IL17F	higher in PT vs paired PM
Laoukili2022_PT138	IL17A	higher in PT vs paired PM
Laoukili2022_PT138	RPS2P2	higher in PT vs paired PM
Laoukili2022_PT138	RP11-316M21.7	higher in PT vs paired PM
Laoukili2022_PT138	RP6-159A1.3	higher in PT vs paired PM
Laoukili2022_PT138	LINC01082	higher in PT vs paired PM
Laoukili2022_PT138	IL24	higher in PT vs paired PM
Laoukili2022_PT138	C9ORF57	higher in PT vs paired PM
Laoukili2022_PT138	RP11-474D1.4	higher in PT vs paired PM
Laoukili2022_PT138	RP11-392O1.4	higher in PT vs paired PM
Laoukili2022_PT138	AC022182.1	higher in PT vs paired PM
Laoukili2022_PT138	RP5-1106E3.1	higher in PT vs paired PM
Laoukili2022_PT138	KRTAP5-5	higher in PT vs paired PM
Laoukili2022_PT138	SLC25A47	higher in PT vs paired PM
Laoukili2022_PT138	GFI1B	higher in PT vs paired PM
Laoukili2022_PT138	MMP3	higher in PT vs paired PM
Laoukili2022_PT138	RP11-514D23.3	higher in PT vs paired PM
Laoukili2022_PT138	RP11-275I14.4	higher in PT vs paired PM
Laoukili2022_PT138	CTB-43E15.2	higher in PT vs paired PM
Laoukili2022_PT138	GRIA4	higher in PT vs paired PM
Laoukili2022_PT138	FAM150A	higher in PT vs paired PM
Laoukili2022_PT138	RP11-645C24.4	higher in PT vs paired PM
Laoukili2022_PT138	DUOXA2	higher in PT vs paired PM
Laoukili2022_PT138	OR7E47P	higher in PT vs paired PM
Laoukili2022_PT138	RP11-467L20.10	higher in PT vs paired PM
Laoukili2022_PT138	AC007099.1	higher in PT vs paired PM
Laoukili2022_PT138	AC007405.4	higher in PT vs paired PM
Laoukili2022_PT138	RP11-503C24.6	higher in PT vs paired PM
Laoukili2022_PT138	RP11-474D1.3	higher in PT vs paired PM
Laoukili2022_PT138	SPINK4	higher in PT vs paired PM
Laoukili2022_PT138	AKR1C4	higher in PT vs paired PM
Laoukili2022_PT138	GATA1	higher in PT vs paired PM
Laoukili2022_PT138	FABP2	higher in PT vs paired PM
Laoukili2022_PT138	VAC14-AS1	higher in PT vs paired PM
Laoukili2022_PT138	FCAMR	higher in PT vs paired PM
Laoukili2022_PT138	PLA2G4D	higher in PT vs paired PM
Laoukili2022_PT138	AC000068.9	higher in PT vs paired PM
Laoukili2022_PT138	RNF183	higher in PT vs paired PM
Laoukili2022_PT138	TERT	higher in PT vs paired PM
Laoukili2022_PT138	UCN2	higher in PT vs paired PM
Laoukili2022_PT138	RSPH14	higher in PT vs paired PM
Laoukili2022_PT138	CCR3	higher in PT vs paired PM
Laoukili2022_PT138	C4BPA	higher in PT vs paired PM
Laoukili2022_PT138	OR2A7	higher in PT vs paired PM
Laoukili2022_PT138	TRPA1	higher in PT vs paired PM
Laoukili2022_PT138	CXCL5	higher in PT vs paired PM
Laoukili2022_PT138	MS4A8	higher in PT vs paired PM
Laoukili2022_PT138	HOTTIP	higher in PT vs paired PM
Laoukili2022_PT138	MEP1A	higher in PT vs paired PM
Laoukili2022_PT138	FENDRR	higher in PT vs paired PM
Laoukili2022_PT138	RP11-546J1.1	higher in PT vs paired PM
Laoukili2022_PT138	SYNPR-AS1	higher in PT vs paired PM
Laoukili2022_PT138	CASP5	higher in PT vs paired PM
Laoukili2022_PT138	PLEKHG7	higher in PT vs paired PM
Laoukili2022_PT138	CTD-2334D19.1	higher in PT vs paired PM
Laoukili2022_PT138	CTD-2227E11.1	higher in PT vs paired PM
Laoukili2022_PT138	DUOX2	higher in PT vs paired PM
Laoukili2022_PT138	RP11-341G23.4	higher in PT vs paired PM
Laoukili2022_PT138	RPS7P3	higher in PT vs paired PM
Laoukili2022_PT138	SNORD3A	higher in PT vs paired PM
Laoukili2022_PT138	COL28A1	higher in PT vs paired PM
Laoukili2022_PT138	HOXA11	higher in PT vs paired PM
Laoukili2022_PT138	A1CF	higher in PT vs paired PM
Laoukili2022_PT138	HOXA11-AS	higher in PT vs paired PM
Laoukili2022_PT138	RP11-328M4.2	higher in PT vs paired PM
Laoukili2022_PT138	RP11-108L7.15	higher in PT vs paired PM
Laoukili2022_PT138	MRAP2	higher in PT vs paired PM
Laoukili2022_PT138	KCNJ11	higher in PT vs paired PM
Laoukili2022_PT138	AC007405.6	higher in PT vs paired PM
Laoukili2022_PT138	AC021218.2	higher in PT vs paired PM
Laoukili2022_PT138	RSPH1	higher in PT vs paired PM
Laoukili2022_PT138	LCN12	higher in PT vs paired PM
Laoukili2022_PT138	AZGP1	higher in PT vs paired PM
Laoukili2022_PT138	RP3-325F22.5	higher in PT vs paired PM
Laoukili2022_PT138	AC004463.6	higher in PT vs paired PM
Laoukili2022_PT138	RORC	higher in PT vs paired PM
Laoukili2022_PT138	SAMD5	higher in PT vs paired PM
Laoukili2022_PT138	FOXF1	higher in PT vs paired PM
Laoukili2022_PT138	COL7A1	higher in PT vs paired PM
Laoukili2022_PT138	RP4-758J18.13	higher in PT vs paired PM
Laoukili2022_PT138	IQCH	higher in PT vs paired PM
Laoukili2022_PT138	JPH1	higher in PT vs paired PM
Laoukili2022_PT138	CDCA7	higher in PT vs paired PM
Laoukili2022_PT138	PMEL	higher in PT vs paired PM
Laoukili2022_PT138	SERPINA1	higher in PT vs paired PM
Laoukili2022_PT138	WNT5A	higher in PT vs paired PM
Laoukili2022_PT138	RP11-152N13.5	higher in PT vs paired PM
Laoukili2022_PT138	LNX1	higher in PT vs paired PM
Laoukili2022_PT138	RP11-295G20.2	higher in PT vs paired PM
Laoukili2022_PT138	NUDT7	higher in PT vs paired PM
Laoukili2022_PT138	C1ORF226	higher in PT vs paired PM
Laoukili2022_PT138	SNHG10	higher in PT vs paired PM
Laoukili2022_PT138	EPHX2	higher in PT vs paired PM
Laoukili2022_PT138	NQO1	higher in PT vs paired PM
Laoukili2022_PT138	RP11-18I14.10	higher in PT vs paired PM
Laoukili2022_PT138	METTL12	higher in PT vs paired PM
Laoukili2022_PT138	PINX1	higher in PT vs paired PM
Laoukili2022_PT138	HDHD3	higher in PT vs paired PM
Laoukili2022_PT138	UBE3D	higher in PT vs paired PM
Laoukili2022_PT138	HSD17B7	higher in PT vs paired PM
Laoukili2022_PT138	IMMP2L	higher in PT vs paired PM
Laoukili2022_PT138	SORD	higher in PT vs paired PM
Laoukili2022_PT138	ZNF511	higher in PT vs paired PM
Laoukili2022_PT138	TIMM8A	higher in PT vs paired PM
Laoukili2022_PT138	CHEK2	higher in PT vs paired PM
Laoukili2022_PT138	DECR2	higher in PT vs paired PM
Laoukili2022_PT138	PPAT	higher in PT vs paired PM
Laoukili2022_PT138	OARD1	higher in PT vs paired PM
Laoukili2022_PT138	CDC25B	higher in PT vs paired PM
Laoukili2022_PT138	PAICS	higher in PT vs paired PM
Laoukili2022_PT138	UPF3B	higher in PT vs paired PM
Laoukili2022_PT138	LARS2	higher in PT vs paired PM
Laoukili2022_PT138	COA6	higher in PT vs paired PM
Laoukili2022_PT138	POLA1	higher in PT vs paired PM
Laoukili2022_PT138	RMND1	higher in PT vs paired PM
Laoukili2022_PT138	CISD1	higher in PT vs paired PM
Laoukili2022_PT138	AFMID	higher in PT vs paired PM
Laoukili2022_PT138	H1F0	higher in PT vs paired PM
Laoukili2022_PT138	TECR	higher in PT vs paired PM
Laoukili2022_PT138	PA2G4	higher in PT vs paired PM
Laoukili2022_PT138	PATZ1	higher in PT vs paired PM
Laoukili2022_PT138	FH	higher in PT vs paired PM
Laoukili2022_PT138	NAT10	higher in PT vs paired PM
Laoukili2022_PT138	COX15	higher in PT vs paired PM
Laoukili2022_PT138	IFT172	higher in PT vs paired PM
Laoukili2022_PT138	IMPDH2	higher in PT vs paired PM
Laoukili2022_PT138	NOLC1	higher in PT vs paired PM
Laoukili2022_PT138	LAS1L	higher in PT vs paired PM
Laoukili2022_PT138	SNRPD3	higher in PT vs paired PM
Laoukili2022_PT138	PQBP1	higher in PT vs paired PM
Laoukili2022_PT138	CCT3	higher in PT vs paired PM
Laoukili2022_PT138	RSL1D1	higher in PT vs paired PM
Laoukili2022_PT138	ST13	higher in PT vs paired PM
Laoukili2022_PT138	FUBP1	higher in PT vs paired PM
Laoukili2022_PT138	DAP3	higher in PT vs paired PM
Laoukili2022_PT138	COPZ1	higher in PT vs paired PM
Laoukili2022_PT138	RBMX	higher in PT vs paired PM
Laoukili2022_PT138	HMGN2P21	higher in PT vs paired PM
Lenos2022_PMhigh_up	MSN	up in PM_high vs PM_low (Suppl Data 5)
Lenos2022_PMhigh_up	FERMT2	up in PM_high vs PM_low (Suppl Data 5)
Lenos2022_PMhigh_up	CALD1	up in PM_high vs PM_low (Suppl Data 5)
Lenos2022_PMhigh_up	MICU3	up in PM_high vs PM_low (Suppl Data 5)
Lenos2022_PMhigh_up	MSRB3	up in PM_high vs PM_low (Suppl Data 5)
Lenos2022_PMhigh_up	RRAGD	up in PM_high vs PM_low (Suppl Data 5)
Lenos2022_PMhigh_up	RAB31	up in PM_high vs PM_low (Suppl Data 5)
Lenos2022_PMhigh_up	ANTXR1	up in PM_high vs PM_low (Suppl Data 5)
Lenos2022_PMhigh_up	AKAP12	up in PM_high vs PM_low (Suppl Data 5)
Lenos2022_PMhigh_up	VCAN	up in PM_high vs PM_low (Suppl Data 5)
Lenos2022_PMhigh_up	SYNGR1	up in PM_high vs PM_low (Suppl Data 5)
Lenos2022_PMhigh_up	LGALS1	up in PM_high vs PM_low (Suppl Data 5)
Lenos2022_PMhigh_up	MME	up in PM_high vs PM_low (Suppl Data 5)
Lenos2022_PMhigh_up	PCDHB5	up in PM_high vs PM_low (Suppl Data 5)
Lenos2022_PMhigh_up	NRG1	up in PM_high vs PM_low (Suppl Data 5)
Lenos2022_PMhigh_up	COL12A1	up in PM_high vs PM_low (Suppl Data 5)
Lenos2022_PMhigh_up	MYL9	up in PM_high vs PM_low (Suppl Data 5)
Lenos2022_PMhigh_up	FAM101B	up in PM_high vs PM_low (Suppl Data 5)
Lenos2022_PMhigh_up	FN1	up in PM_high vs PM_low (Suppl Data 5)
Lenos2022_PMhigh_up	LUM	up in PM_high vs PM_low (Suppl Data 5)
Lenos2022_PMhigh_up	PCDH7	up in PM_high vs PM_low (Suppl Data 5)
Lenos2022_PMhigh_up	POPDC3	up in PM_high vs PM_low (Suppl Data 5)
Lenos2022_PMhigh_up	SMARCA1	up in PM_high vs PM_low (Suppl Data 5)
Lenos2022_PMhigh_up	SPARC	up in PM_high vs PM_low (Suppl Data 5)
Lenos2022_PMhigh_up	GATA3	up in PM_high vs PM_low (Suppl Data 5)
Lenos2022_PMhigh_up	LIFR	up in PM_high vs PM_low (Suppl Data 5)
Lenos2022_PMhigh_up	PRKACB	up in PM_high vs PM_low (Suppl Data 5)
Lenos2022_PMhigh_up	DFNA5	up in PM_high vs PM_low (Suppl Data 5)
Lenos2022_PMhigh_up	CHST11	up in PM_high vs PM_low (Suppl Data 5)
Lenos2022_PMhigh_up	BEX3	up in PM_high vs PM_low (Suppl Data 5)
Lenos2022_PMhigh_up	BCAT1	up in PM_high vs PM_low (Suppl Data 5)
Lenos2022_PMhigh_up	AFAP1L1	up in PM_high vs PM_low (Suppl Data 5)
Lenos2022_PMhigh_up	ST3GAL6	up in PM_high vs PM_low (Suppl Data 5)
Lenos2022_PMhigh_up	SERPINE1	up in PM_high vs PM_low (Suppl Data 5)
Lenos2022_PMhigh_up	TCEA2	up in PM_high vs PM_low (Suppl Data 5)
Lenos2022_PMhigh_up	MCC	up in PM_high vs PM_low (Suppl Data 5)
Lenos2022_PMhigh_up	PDGFC	up in PM_high vs PM_low (Suppl Data 5)
Lenos2022_PMhigh_up	CDH2	up in PM_high vs PM_low (Suppl Data 5)
Lenos2022_PMhigh_up	CACNA2D3	up in PM_high vs PM_low (Suppl Data 5)
Lenos2022_PMhigh_up	LHX2	up in PM_high vs PM_low (Suppl Data 5)
Lenos2022_PMhigh_up	APOBEC3C	up in PM_high vs PM_low (Suppl Data 5)
Lenos2022_PMhigh_up	EEF1A2	up in PM_high vs PM_low (Suppl Data 5)
Lenos2022_PMhigh_up	MYH10	up in PM_high vs PM_low (Suppl Data 5)
Lenos2022_PMhigh_up	RASSF8	up in PM_high vs PM_low (Suppl Data 5)
Lenos2022_PMhigh_up	PKIG	up in PM_high vs PM_low (Suppl Data 5)
Lenos2022_PMhigh_up	FBLN1	up in PM_high vs PM_low (Suppl Data 5)
Lenos2022_PMhigh_up	PIK3CD	up in PM_high vs PM_low (Suppl Data 5)
Lenos2022_PMhigh_up	AXL	up in PM_high vs PM_low (Suppl Data 5)
Lenos2022_PMhigh_up	GCNT2	up in PM_high vs PM_low (Suppl Data 5)
Lenos2022_PMhigh_up	ECI2	up in PM_high vs PM_low (Suppl Data 5)
Lenos2022_PMhigh_up	ISYNA1	up in PM_high vs PM_low (Suppl Data 5)
Lenos2022_PMhigh_up	CPM	up in PM_high vs PM_low (Suppl Data 5)
Lenos2022_PMhigh_up	TPM2	up in PM_high vs PM_low (Suppl Data 5)
Lenos2022_PMhigh_up	COL18A1	up in PM_high vs PM_low (Suppl Data 5)
Lenos2022_PMhigh_up	EMP3	up in PM_high vs PM_low (Suppl Data 5)
Lenos2022_PMhigh_up	GJC1	up in PM_high vs PM_low (Suppl Data 5)
Lenos2022_PMhigh_up	PLEKHO1	up in PM_high vs PM_low (Suppl Data 5)
Lenos2022_PMhigh_up	ROBO2	up in PM_high vs PM_low (Suppl Data 5)
Lenos2022_PMhigh_up	COL6A2	up in PM_high vs PM_low (Suppl Data 5)
Lenos2022_PMhigh_up	RASGEF1A	up in PM_high vs PM_low (Suppl Data 5)
Lenos2022_PMhigh_up	GAP43	up in PM_high vs PM_low (Suppl Data 5)
Lenos2022_PMhigh_up	FRMD6	up in PM_high vs PM_low (Suppl Data 5)
Lenos2022_PMhigh_up	CAV1	up in PM_high vs PM_low (Suppl Data 5)
Lenos2022_PMhigh_up	CAMK4	up in PM_high vs PM_low (Suppl Data 5)
Lenos2022_PMhigh_up	DLGAP1	up in PM_high vs PM_low (Suppl Data 5)
Lenos2022_PMhigh_up	CRISPLD1	up in PM_high vs PM_low (Suppl Data 5)
Lenos2022_PMhigh_up	LINC00839	up in PM_high vs PM_low (Suppl Data 5)
Lenos2022_PMhigh_up	MT1M	up in PM_high vs PM_low (Suppl Data 5)
Lenos2022_PMhigh_up	FBXO17	up in PM_high vs PM_low (Suppl Data 5)
Lenos2022_PMhigh_up	HOXC13	up in PM_high vs PM_low (Suppl Data 5)
Lenos2022_PMhigh_up	CSRP2	up in PM_high vs PM_low (Suppl Data 5)
Lenos2022_PMhigh_up	IL1R1	up in PM_high vs PM_low (Suppl Data 5)
Lenos2022_PMhigh_up	CCL2	up in PM_high vs PM_low (Suppl Data 5)
Lenos2022_PMhigh_up	TENM3	up in PM_high vs PM_low (Suppl Data 5)
Lenos2022_PMhigh_up	FKBP1B	up in PM_high vs PM_low (Suppl Data 5)
Lenos2022_PMhigh_up	CHST3	up in PM_high vs PM_low (Suppl Data 5)
Lenos2022_PMhigh_up	IGF2BP1	up in PM_high vs PM_low (Suppl Data 5)
Lenos2022_PMhigh_up	CHST6	up in PM_high vs PM_low (Suppl Data 5)
Lenos2022_PMhigh_up	COL8A1	up in PM_high vs PM_low (Suppl Data 5)
Lenos2022_PMhigh_up	GFPT2	up in PM_high vs PM_low (Suppl Data 5)
Lenos2022_PMhigh_up	MKX	up in PM_high vs PM_low (Suppl Data 5)
Lenos2022_PMhigh_up	TIAM1	up in PM_high vs PM_low (Suppl Data 5)
Lenos2022_PMhigh_up	HBE1	up in PM_high vs PM_low (Suppl Data 5)
Lenos2022_PMhigh_up	FAM92A1	up in PM_high vs PM_low (Suppl Data 5)
Lenos2022_PMhigh_up	MDFIC	up in PM_high vs PM_low (Suppl Data 5)
Lenos2022_PMhigh_up	CYBRD1	up in PM_high vs PM_low (Suppl Data 5)
Lenos2022_PMhigh_up	MAGEA4	up in PM_high vs PM_low (Suppl Data 5)
Lenos2022_PMhigh_up	PTPRM	up in PM_high vs PM_low (Suppl Data 5)
Lenos2022_PMhigh_up	MFAP2	up in PM_high vs PM_low (Suppl Data 5)
Lenos2022_PMhigh_up	BDNF	up in PM_high vs PM_low (Suppl Data 5)
Lenos2022_PMhigh_up	SLC43A3	up in PM_high vs PM_low (Suppl Data 5)
Lenos2022_PMhigh_up	APOE	up in PM_high vs PM_low (Suppl Data 5)
Lenos2022_PMhigh_up	TEAD2	up in PM_high vs PM_low (Suppl Data 5)
Lenos2022_PMhigh_up	CMTM3	up in PM_high vs PM_low (Suppl Data 5)
Lenos2022_PMhigh_up	LOXL2	up in PM_high vs PM_low (Suppl Data 5)
Lenos2022_PMhigh_up	ADA	up in PM_high vs PM_low (Suppl Data 5)
Lenos2022_PMhigh_up	SPP1	up in PM_high vs PM_low (Suppl Data 5)
Lenos2022_PMhigh_up	EHD2	up in PM_high vs PM_low (Suppl Data 5)
Lenos2022_PMhigh_up	GREB1	up in PM_high vs PM_low (Suppl Data 5)
Lenos2022_PMhigh_up	TUBB6	up in PM_high vs PM_low (Suppl Data 5)
Lenos2022_PMhigh_up	FOXL2	up in PM_high vs PM_low (Suppl Data 5)
Lenos2022_PMhigh_up	ATP10D	up in PM_high vs PM_low (Suppl Data 5)
Lenos2022_PMhigh_up	AKR1B1	up in PM_high vs PM_low (Suppl Data 5)
Lenos2022_PMhigh_up	WWTR1	up in PM_high vs PM_low (Suppl Data 5)
Lenos2022_PMhigh_up	ERVMER34-1	up in PM_high vs PM_low (Suppl Data 5)
Lenos2022_PMhigh_up	C20ORF194	up in PM_high vs PM_low (Suppl Data 5)
Lenos2022_PMhigh_up	LOC728392	up in PM_high vs PM_low (Suppl Data 5)
Lenos2022_PMhigh_up	TNNT1	up in PM_high vs PM_low (Suppl Data 5)
Lenos2022_PMhigh_up	SIX4	up in PM_high vs PM_low (Suppl Data 5)
Lenos2022_PMhigh_up	ARMCX6	up in PM_high vs PM_low (Suppl Data 5)
Lenos2022_PMhigh_up	LRFN1	up in PM_high vs PM_low (Suppl Data 5)
Lenos2022_PMhigh_up	TPST1	up in PM_high vs PM_low (Suppl Data 5)
Lenos2022_PMhigh_up	ZNF618	up in PM_high vs PM_low (Suppl Data 5)
Lenos2022_PMhigh_up	LOC90768	up in PM_high vs PM_low (Suppl Data 5)
Lenos2022_PMhigh_up	AGPAT4	up in PM_high vs PM_low (Suppl Data 5)
Lenos2022_PMhigh_up	FAM46B	up in PM_high vs PM_low (Suppl Data 5)
Lenos2022_PMhigh_up	PREX1	up in PM_high vs PM_low (Suppl Data 5)
Lenos2022_PMhigh_up	DPYSL3	up in PM_high vs PM_low (Suppl Data 5)
Lenos2022_PMhigh_up	FAM69B	up in PM_high vs PM_low (Suppl Data 5)
Lenos2022_PMhigh_up	HOTAIR	up in PM_high vs PM_low (Suppl Data 5)
Lenos2022_PMhigh_up	PLEKHF1	up in PM_high vs PM_low (Suppl Data 5)
Lenos2022_PMhigh_up	HEG1	up in PM_high vs PM_low (Suppl Data 5)
Lenos2022_PMhigh_up	ZNF569	up in PM_high vs PM_low (Suppl Data 5)
Lenos2022_PMhigh_up	PARD6G	up in PM_high vs PM_low (Suppl Data 5)
Lenos2022_PMhigh_up	LHFP	up in PM_high vs PM_low (Suppl Data 5)
Lenos2022_PMhigh_up	PRAME	up in PM_high vs PM_low (Suppl Data 5)
Lenos2022_PMhigh_up	PTPRS	up in PM_high vs PM_low (Suppl Data 5)
Lenos2022_PMhigh_up	RBPMS2	up in PM_high vs PM_low (Suppl Data 5)
Lenos2022_PMhigh_up	TRPV2	up in PM_high vs PM_low (Suppl Data 5)
Lenos2022_PMhigh_up	HOXC10	up in PM_high vs PM_low (Suppl Data 5)
Lenos2022_PMhigh_up	GLDC	up in PM_high vs PM_low (Suppl Data 5)
Lenos2022_PMhigh_up	PROS1	up in PM_high vs PM_low (Suppl Data 5)
Lenos2022_PMhigh_up	FSD1	up in PM_high vs PM_low (Suppl Data 5)
Lenos2022_PMhigh_up	KLHDC8B	up in PM_high vs PM_low (Suppl Data 5)
Lenos2022_PMhigh_up	CAP2	up in PM_high vs PM_low (Suppl Data 5)
Lenos2022_PMhigh_up	TSPAN4	up in PM_high vs PM_low (Suppl Data 5)
Lenos2022_PMhigh_up	FOXG1	up in PM_high vs PM_low (Suppl Data 5)
Lenos2022_PMhigh_up	GPC6	up in PM_high vs PM_low (Suppl Data 5)
Lenos2022_PMhigh_up	RASSF2	up in PM_high vs PM_low (Suppl Data 5)
Lenos2022_PMhigh_up	FXYD6	up in PM_high vs PM_low (Suppl Data 5)
Lenos2022_PMhigh_up	HSD17B14	up in PM_high vs PM_low (Suppl Data 5)
Lenos2022_PMhigh_up	CERS4	up in PM_high vs PM_low (Suppl Data 5)
Lenos2022_PMhigh_up	GPR155	up in PM_high vs PM_low (Suppl Data 5)
Lenos2022_PMhigh_up	FAM126A	up in PM_high vs PM_low (Suppl Data 5)
Lenos2022_PMhigh_up	RBM20	up in PM_high vs PM_low (Suppl Data 5)
Lenos2022_PMhigh_up	ANKLE1	up in PM_high vs PM_low (Suppl Data 5)
Lenos2022_PMhigh_up	SIRPA	up in PM_high vs PM_low (Suppl Data 5)
Lenos2022_PMhigh_up	VASH2	up in PM_high vs PM_low (Suppl Data 5)
Lenos2022_PMhigh_up	ELMOD1	up in PM_high vs PM_low (Suppl Data 5)
Lenos2022_PMhigh_up	CD33	up in PM_high vs PM_low (Suppl Data 5)
Lenos2022_PMhigh_up	TIMP2	up in PM_high vs PM_low (Suppl Data 5)
Lenos2022_PMhigh_up	PMP22	up in PM_high vs PM_low (Suppl Data 5)
Lenos2022_PMhigh_up	SLC1A6	up in PM_high vs PM_low (Suppl Data 5)
Lenos2022_PMhigh_up	NAALAD2	up in PM_high vs PM_low (Suppl Data 5)
Lenos2022_PMhigh_up	ZNF134	up in PM_high vs PM_low (Suppl Data 5)
Lenos2022_PMhigh_up	TBC1D19	up in PM_high vs PM_low (Suppl Data 5)
Lenos2022_PMhigh_up	LPAR1	up in PM_high vs PM_low (Suppl Data 5)
Lenos2022_PMhigh_up	RASSF4	up in PM_high vs PM_low (Suppl Data 5)
Lenos2022_PMhigh_up	COL4A5	up in PM_high vs PM_low (Suppl Data 5)
Lenos2022_PMhigh_up	RAC2	up in PM_high vs PM_low (Suppl Data 5)
Lenos2022_PMhigh_up	C3	up in PM_high vs PM_low (Suppl Data 5)
Lenos2022_PMhigh_up	PTN	up in PM_high vs PM_low (Suppl Data 5)
Lenos2022_PMhigh_up	MRC2	up in PM_high vs PM_low (Suppl Data 5)
Lenos2022_PMhigh_up	TTLL7	up in PM_high vs PM_low (Suppl Data 5)
Lenos2022_PMhigh_up	DBN1	up in PM_high vs PM_low (Suppl Data 5)
Lenos2022_PMhigh_up	PXDN	up in PM_high vs PM_low (Suppl Data 5)
Lenos2022_PMhigh_up	SCRN1	up in PM_high vs PM_low (Suppl Data 5)
Lenos2022_PMhigh_up	RNF17	up in PM_high vs PM_low (Suppl Data 5)
Lenos2022_PMhigh_up	DENND2A	up in PM_high vs PM_low (Suppl Data 5)
Lenos2022_PMhigh_up	CHRNB1	up in PM_high vs PM_low (Suppl Data 5)
Lenos2022_PMhigh_up	MPP4	up in PM_high vs PM_low (Suppl Data 5)
Lenos2022_PMhigh_up	CCDC80	up in PM_high vs PM_low (Suppl Data 5)
Lenos2022_PMhigh_up	ADAMTS18	up in PM_high vs PM_low (Suppl Data 5)
Lenos2022_PMhigh_up	TM4SF18	up in PM_high vs PM_low (Suppl Data 5)
Lenos2022_PMhigh_up	ZNF365	up in PM_high vs PM_low (Suppl Data 5)
Lenos2022_PMhigh_up	SLC4A3	up in PM_high vs PM_low (Suppl Data 5)
Lenos2022_PMhigh_up	HLA-DPB1	up in PM_high vs PM_low (Suppl Data 5)
Lenos2022_PMhigh_up	ITGA5	up in PM_high vs PM_low (Suppl Data 5)
Lenos2022_PMhigh_up	SAGE1	up in PM_high vs PM_low (Suppl Data 5)
Lenos2022_PMhigh_up	LIX1	up in PM_high vs PM_low (Suppl Data 5)
Lenos2022_PMhigh_up	NLRP1	up in PM_high vs PM_low (Suppl Data 5)
Lenos2022_PMhigh_up	TTC7B	up in PM_high vs PM_low (Suppl Data 5)
Lenos2022_PMhigh_up	FBXO27	up in PM_high vs PM_low (Suppl Data 5)
Lenos2022_PMhigh_up	LCAT	up in PM_high vs PM_low (Suppl Data 5)
Lenos2022_PMhigh_up	KIRREL	up in PM_high vs PM_low (Suppl Data 5)
Lenos2022_PMhigh_up	RMST	up in PM_high vs PM_low (Suppl Data 5)
Lenos2022_PMhigh_up	SACS	up in PM_high vs PM_low (Suppl Data 5)
Lenos2022_PMhigh_up	CLEC11A	up in PM_high vs PM_low (Suppl Data 5)
Lenos2022_PMhigh_up	GPC1	up in PM_high vs PM_low (Suppl Data 5)
Lenos2022_PMhigh_up	ARHGAP23	up in PM_high vs PM_low (Suppl Data 5)
Lenos2022_PMhigh_up	SLC22A17	up in PM_high vs PM_low (Suppl Data 5)
Lenos2022_PMhigh_up	LOC101927841	up in PM_high vs PM_low (Suppl Data 5)
Lenos2022_PMhigh_up	FSCN1	up in PM_high vs PM_low (Suppl Data 5)
Lenos2022_PMhigh_up	ETS1	up in PM_high vs PM_low (Suppl Data 5)
Lenos2022_PMhigh_up	FBXO2	up in PM_high vs PM_low (Suppl Data 5)
Lenos2022_PMhigh_up	ZNF570	up in PM_high vs PM_low (Suppl Data 5)
Lenos2022_PMhigh_up	TM6SF1	up in PM_high vs PM_low (Suppl Data 5)
Lenos2022_PMhigh_up	NLRP11	up in PM_high vs PM_low (Suppl Data 5)
Lenos2022_PMhigh_up	GIP	up in PM_high vs PM_low (Suppl Data 5)
Lenos2022_PMhigh_up	LINGO1	up in PM_high vs PM_low (Suppl Data 5)
Lenos2022_PMhigh_up	C16ORF62	up in PM_high vs PM_low (Suppl Data 5)
Lenos2022_PMhigh_up	LOC339803	up in PM_high vs PM_low (Suppl Data 5)
Lenos2022_PMhigh_up	PAX3	up in PM_high vs PM_low (Suppl Data 5)
Lenos2022_PMhigh_up	LMO2	up in PM_high vs PM_low (Suppl Data 5)
Lenos2022_PMhigh_up	WASF3	up in PM_high vs PM_low (Suppl Data 5)
Lenos2022_PMhigh_up	MMP12	up in PM_high vs PM_low (Suppl Data 5)
Lenos2022_PMhigh_up	NFATC2	up in PM_high vs PM_low (Suppl Data 5)
Lenos2022_PMhigh_up	LARP6	up in PM_high vs PM_low (Suppl Data 5)
Lenos2022_PMhigh_up	ETNK2	up in PM_high vs PM_low (Suppl Data 5)
Lenos2022_PMhigh_up	GABBR2	up in PM_high vs PM_low (Suppl Data 5)
Lenos2022_PMhigh_up	SDK2	up in PM_high vs PM_low (Suppl Data 5)
Lenos2022_PMhigh_up	SLC1A3	up in PM_high vs PM_low (Suppl Data 5)
Lenos2022_PMhigh_up	RGMA	up in PM_high vs PM_low (Suppl Data 5)
Lenos2022_PMhigh_up	PNMA6A	up in PM_high vs PM_low (Suppl Data 5)
Lenos2022_PMhigh_up	LOC101928000	up in PM_high vs PM_low (Suppl Data 5)
Lenos2022_PMhigh_up	TRPC1	up in PM_high vs PM_low (Suppl Data 5)
Lenos2022_PMhigh_up	WSCD1	up in PM_high vs PM_low (Suppl Data 5)
Lenos2022_PMhigh_up	CCDC102A	up in PM_high vs PM_low (Suppl Data 5)
Lenos2022_PMhigh_up	LOC101927027	up in PM_high vs PM_low (Suppl Data 5)
Lenos2022_PMhigh_up	PSG5	up in PM_high vs PM_low (Suppl Data 5)
Lenos2022_PMhigh_up	ZDHHC19	up in PM_high vs PM_low (Suppl Data 5)
Lenos2022_PMhigh_up	LAPTM4B	up in PM_high vs PM_low (Suppl Data 5)
Lenos2022_PMhigh_up	SUN3	up in PM_high vs PM_low (Suppl Data 5)
Lenos2022_PMhigh_up	DFNB31	up in PM_high vs PM_low (Suppl Data 5)
Lenos2022_PMhigh_up	FOXF2	up in PM_high vs PM_low (Suppl Data 5)
Lenos2022_PMhigh_up	ZNF649	up in PM_high vs PM_low (Suppl Data 5)
Lenos2022_PMhigh_up	SEMA7A	up in PM_high vs PM_low (Suppl Data 5)
Lenos2022_PMhigh_up	ZNF790-AS1	up in PM_high vs PM_low (Suppl Data 5)
Lenos2022_PMhigh_up	FGFR1	up in PM_high vs PM_low (Suppl Data 5)
Lenos2022_PMhigh_up	ITPRIPL1	up in PM_high vs PM_low (Suppl Data 5)
Lenos2022_PMhigh_up	MIR4435-2HG	up in PM_high vs PM_low (Suppl Data 5)
Lenos2022_PMhigh_up	DYRK3	up in PM_high vs PM_low (Suppl Data 5)
Lenos2022_PMhigh_up	H2BFXP	up in PM_high vs PM_low (Suppl Data 5)
Lenos2022_PMhigh_up	CHST2	up in PM_high vs PM_low (Suppl Data 5)
Lenos2022_PMhigh_up	TBXA2R	up in PM_high vs PM_low (Suppl Data 5)
Lenos2022_PMhigh_up	CFAP46	up in PM_high vs PM_low (Suppl Data 5)
Lenos2022_PMhigh_up	C8ORF34	up in PM_high vs PM_low (Suppl Data 5)
Lenos2022_PMhigh_up	RGAG4	up in PM_high vs PM_low (Suppl Data 5)
Lenos2022_PMhigh_up	DENND5A	up in PM_high vs PM_low (Suppl Data 5)
Lenos2022_PMhigh_up	ACSS3	up in PM_high vs PM_low (Suppl Data 5)
Lenos2022_PMhigh_up	MAMLD1	up in PM_high vs PM_low (Suppl Data 5)
Lenos2022_PMhigh_up	CASC15	up in PM_high vs PM_low (Suppl Data 5)
Lenos2022_PMhigh_up	PAX2	up in PM_high vs PM_low (Suppl Data 5)
Lenos2022_PMhigh_up	LZTS1	up in PM_high vs PM_low (Suppl Data 5)
Lenos2022_PMhigh_up	SOX5	up in PM_high vs PM_low (Suppl Data 5)
Lenos2022_PMhigh_up	CLIP3	up in PM_high vs PM_low (Suppl Data 5)
Lenos2022_PMhigh_up	RNF165	up in PM_high vs PM_low (Suppl Data 5)
Lenos2022_PMhigh_up	SLC30A3	up in PM_high vs PM_low (Suppl Data 5)
Lenos2022_PMhigh_up	MXRA7	up in PM_high vs PM_low (Suppl Data 5)
Lenos2022_PMhigh_up	SARDH	up in PM_high vs PM_low (Suppl Data 5)
Lenos2022_PMhigh_up	ZNF711	up in PM_high vs PM_low (Suppl Data 5)
Lenos2022_PMhigh_up	ATP2A1-AS1	up in PM_high vs PM_low (Suppl Data 5)
Lenos2022_PMhigh_up	SLC2A6	up in PM_high vs PM_low (Suppl Data 5)
Lenos2022_PMhigh_up	CAMK1	up in PM_high vs PM_low (Suppl Data 5)
Lenos2022_PMhigh_up	ARMC4	up in PM_high vs PM_low (Suppl Data 5)
Lenos2022_PMhigh_up	C8ORF31	up in PM_high vs PM_low (Suppl Data 5)
Lenos2022_PMhigh_up	VLDLR	up in PM_high vs PM_low (Suppl Data 5)
Lenos2022_PMhigh_up	HKR1	up in PM_high vs PM_low (Suppl Data 5)
Lenos2022_PMhigh_up	DYNC2H1	up in PM_high vs PM_low (Suppl Data 5)
Lenos2022_PMhigh_up	LOC151121	up in PM_high vs PM_low (Suppl Data 5)
Lenos2022_PMhigh_up	PCDHB11	up in PM_high vs PM_low (Suppl Data 5)
Lenos2022_PMhigh_up	PGBD1	up in PM_high vs PM_low (Suppl Data 5)
Lenos2022_PMhigh_up	SDC2	up in PM_high vs PM_low (Suppl Data 5)
Lenos2022_PMhigh_up	APOBEC3F	up in PM_high vs PM_low (Suppl Data 5)
Lenos2022_PMhigh_up	TSPAN5	up in PM_high vs PM_low (Suppl Data 5)
Lenos2022_PMhigh_up	SLC8A1-AS1	up in PM_high vs PM_low (Suppl Data 5)
Lenos2022_PMhigh_up	ZNF530	up in PM_high vs PM_low (Suppl Data 5)
Lenos2022_PMhigh_up	PABPC4L	up in PM_high vs PM_low (Suppl Data 5)
Lenos2022_PMhigh_up	ISG15	up in PM_high vs PM_low (Suppl Data 5)
Lenos2022_PMhigh_up	SMIM10	up in PM_high vs PM_low (Suppl Data 5)
Lenos2022_PMhigh_up	ZNF613	up in PM_high vs PM_low (Suppl Data 5)
Lenos2022_PMhigh_up	LOC100507311	up in PM_high vs PM_low (Suppl Data 5)
Lenos2022_PMhigh_up	ZNF503	up in PM_high vs PM_low (Suppl Data 5)
Lenos2022_PMhigh_up	KRTAP1-1	up in PM_high vs PM_low (Suppl Data 5)
Lenos2022_PMhigh_up	CCNT2-AS1	up in PM_high vs PM_low (Suppl Data 5)
Lenos2022_PMhigh_up	SYDE1	up in PM_high vs PM_low (Suppl Data 5)
Lenos2022_PMhigh_up	GATA4	up in PM_high vs PM_low (Suppl Data 5)
Lenos2022_PMhigh_up	KIAA1755	up in PM_high vs PM_low (Suppl Data 5)
Lenos2022_PMhigh_up	AKR1D1	up in PM_high vs PM_low (Suppl Data 5)
Lenos2022_PMhigh_up	PTPN14	up in PM_high vs PM_low (Suppl Data 5)
Lenos2022_PMhigh_up	GABRA3	up in PM_high vs PM_low (Suppl Data 5)
Lenos2022_PMhigh_up	PTCHD4	up in PM_high vs PM_low (Suppl Data 5)
Lenos2022_PMhigh_up	SLFN11	up in PM_high vs PM_low (Suppl Data 5)
Lenos2022_PMhigh_up	HMGA2	up in PM_high vs PM_low (Suppl Data 5)
Lenos2022_PMhigh_up	RNFT2	up in PM_high vs PM_low (Suppl Data 5)
Lenos2022_PMhigh_up	IRX4	up in PM_high vs PM_low (Suppl Data 5)
Lenos2022_PMhigh_up	C9ORF116	up in PM_high vs PM_low (Suppl Data 5)
Lenos2022_PMhigh_up	SRD5A3-AS1	up in PM_high vs PM_low (Suppl Data 5)
Lenos2022_PMhigh_up	TMEM200B	up in PM_high vs PM_low (Suppl Data 5)
Lenos2022_PMhigh_up	NAT14	up in PM_high vs PM_low (Suppl Data 5)
Lenos2022_PMhigh_up	YPEL1	up in PM_high vs PM_low (Suppl Data 5)
Lenos2022_PMhigh_up	KCNU1	up in PM_high vs PM_low (Suppl Data 5)
Lenos2022_PMhigh_up	LINC01111	up in PM_high vs PM_low (Suppl Data 5)
Lenos2022_PMhigh_up	ZNF599	up in PM_high vs PM_low (Suppl Data 5)
Lenos2022_PMhigh_up	MID1	up in PM_high vs PM_low (Suppl Data 5)
Lenos2022_PMhigh_up	C1ORF101	up in PM_high vs PM_low (Suppl Data 5)
Lenos2022_PMhigh_up	SLC35F3	up in PM_high vs PM_low (Suppl Data 5)
Lenos2022_PMhigh_up	IP6K3	up in PM_high vs PM_low (Suppl Data 5)
Lenos2022_PMhigh_up	LOC90246	up in PM_high vs PM_low (Suppl Data 5)
Lenos2022_PMhigh_up	LOC100507330	up in PM_high vs PM_low (Suppl Data 5)
Lenos2022_PMhigh_up	LOC643085	up in PM_high vs PM_low (Suppl Data 5)
Lenos2022_PMhigh_up	NBEA	up in PM_high vs PM_low (Suppl Data 5)
Lenos2022_PMhigh_up	PCGEM1	up in PM_high vs PM_low (Suppl Data 5)
Lenos2022_PMhigh_up	MYADM	up in PM_high vs PM_low (Suppl Data 5)
Lenos2022_PMhigh_up	FBLN5	up in PM_high vs PM_low (Suppl Data 5)
Lenos2022_PMhigh_up	TMEM136	up in PM_high vs PM_low (Suppl Data 5)
Lenos2022_PMhigh_up	TDRP	up in PM_high vs PM_low (Suppl Data 5)
Lenos2022_PMhigh_up	SPSB4	up in PM_high vs PM_low (Suppl Data 5)
Lenos2022_PMhigh_up	LOC100128840	up in PM_high vs PM_low (Suppl Data 5)
Lenos2022_PMhigh_up	SNX18	up in PM_high vs PM_low (Suppl Data 5)
Lenos2022_PMhigh_up	IL1A	up in PM_high vs PM_low (Suppl Data 5)
Lenos2022_PMhigh_up	SELE	up in PM_high vs PM_low (Suppl Data 5)
Lenos2022_PMhigh_up	HMOX1	up in PM_high vs PM_low (Suppl Data 5)
Lenos2022_PMhigh_up	TRIM46	up in PM_high vs PM_low (Suppl Data 5)
Lenos2022_PMhigh_up	SERPINH1	up in PM_high vs PM_low (Suppl Data 5)
Lenos2022_PMhigh_up	MYBL1	up in PM_high vs PM_low (Suppl Data 5)
Lenos2022_PMhigh_up	HPR	up in PM_high vs PM_low (Suppl Data 5)
Lenos2022_PMhigh_up	MAPK12	up in PM_high vs PM_low (Suppl Data 5)
Lenos2022_PMhigh_up	P3H1	up in PM_high vs PM_low (Suppl Data 5)
Lenos2022_PMhigh_up	LINC00473	up in PM_high vs PM_low (Suppl Data 5)
Lenos2022_PMhigh_up	PTK7	up in PM_high vs PM_low (Suppl Data 5)
Lenos2022_PMhigh_up	LOC100996246	up in PM_high vs PM_low (Suppl Data 5)
Lenos2022_PMhigh_up	LINC00702	up in PM_high vs PM_low (Suppl Data 5)
Lenos2022_PMhigh_up	PCDHB13	up in PM_high vs PM_low (Suppl Data 5)
Lenos2022_PMhigh_up	NBAT1	up in PM_high vs PM_low (Suppl Data 5)
Lenos2022_PMhigh_up	MAGEL2	up in PM_high vs PM_low (Suppl Data 5)
Lenos2022_PMhigh_up	MYH16	up in PM_high vs PM_low (Suppl Data 5)
Lenos2022_PMhigh_up	JARID2	up in PM_high vs PM_low (Suppl Data 5)
Lenos2022_PMhigh_up	TMEM99	up in PM_high vs PM_low (Suppl Data 5)
Lenos2022_PMhigh_up	FADS3	up in PM_high vs PM_low (Suppl Data 5)
Lenos2022_PMhigh_up	EMX2OS	up in PM_high vs PM_low (Suppl Data 5)
Lenos2022_PMhigh_up	ZNF697	up in PM_high vs PM_low (Suppl Data 5)
Lenos2022_PMhigh_up	TMEM132A	up in PM_high vs PM_low (Suppl Data 5)
Lenos2022_PMhigh_up	GAS2L1	up in PM_high vs PM_low (Suppl Data 5)
Lenos2022_PMhigh_up	INF2	up in PM_high vs PM_low (Suppl Data 5)
Lenos2022_PMhigh_up	ANGPTL6	up in PM_high vs PM_low (Suppl Data 5)
Lenos2022_PMhigh_up	MRGPRF	up in PM_high vs PM_low (Suppl Data 5)
Lenos2022_PMhigh_up	BCAS4	up in PM_high vs PM_low (Suppl Data 5)
Lenos2022_PMhigh_up	EGF	up in PM_high vs PM_low (Suppl Data 5)
Lenos2022_PMhigh_up	C11ORF74	up in PM_high vs PM_low (Suppl Data 5)
Lenos2022_PMhigh_up	ZNF480	up in PM_high vs PM_low (Suppl Data 5)
Lenos2022_PMhigh_up	ABI3BP	up in PM_high vs PM_low (Suppl Data 5)
Lenos2022_PMhigh_up	BNIPL	up in PM_high vs PM_low (Suppl Data 5)
Lenos2022_PMhigh_up	RIC3	up in PM_high vs PM_low (Suppl Data 5)
Lenos2022_PMhigh_up	SPIRE1	up in PM_high vs PM_low (Suppl Data 5)
Lenos2022_PMhigh_up	NME4	up in PM_high vs PM_low (Suppl Data 5)
Lenos2022_PMhigh_up	SLC9C2	up in PM_high vs PM_low (Suppl Data 5)
Lenos2022_PMhigh_up	LOC729683	up in PM_high vs PM_low (Suppl Data 5)
Lenos2022_PMhigh_up	C22ORF46	up in PM_high vs PM_low (Suppl Data 5)
Lenos2022_PMhigh_up	CNPY4	up in PM_high vs PM_low (Suppl Data 5)
Lenos2022_PMhigh_up	ARMC9	up in PM_high vs PM_low (Suppl Data 5)
Lenos2022_PMhigh_up	ST6GALNAC6	up in PM_high vs PM_low (Suppl Data 5)
Lenos2022_PMhigh_up	SMO	up in PM_high vs PM_low (Suppl Data 5)
Lenos2022_PMhigh_up	SEMA4C	up in PM_high vs PM_low (Suppl Data 5)
Lenos2022_PMhigh_up	C10ORF11	up in PM_high vs PM_low (Suppl Data 5)
Lenos2022_PMhigh_up	ADARB1	up in PM_high vs PM_low (Suppl Data 5)
Lenos2022_PMhigh_up	FPR1	up in PM_high vs PM_low (Suppl Data 5)
Lenos2022_PMhigh_up	ZNF429	up in PM_high vs PM_low (Suppl Data 5)
Lenos2022_PMhigh_up	PLXNB3	up in PM_high vs PM_low (Suppl Data 5)
Lenos2022_PMhigh_up	TPK1	up in PM_high vs PM_low (Suppl Data 5)
Lenos2022_PMhigh_up	KANK2	up in PM_high vs PM_low (Suppl Data 5)
Lenos2022_PMhigh_up	ZNF512	up in PM_high vs PM_low (Suppl Data 5)
Lenos2022_PMhigh_up	NME9	up in PM_high vs PM_low (Suppl Data 5)
Lenos2022_PMhigh_up	SEC14L1	up in PM_high vs PM_low (Suppl Data 5)
Lenos2022_PMhigh_up	TYMS	up in PM_high vs PM_low (Suppl Data 5)
Lenos2022_PMhigh_up	FOLR3	up in PM_high vs PM_low (Suppl Data 5)
Lenos2022_PMhigh_up	ZNF175	up in PM_high vs PM_low (Suppl Data 5)
Lenos2022_PMhigh_up	PINK1	up in PM_high vs PM_low (Suppl Data 5)
Lenos2022_PMhigh_up	ZNF771	up in PM_high vs PM_low (Suppl Data 5)
Lenos2022_PMhigh_up	SOX12	up in PM_high vs PM_low (Suppl Data 5)
Lenos2022_PMhigh_up	JMJD1C-AS1	up in PM_high vs PM_low (Suppl Data 5)
Lenos2022_PMhigh_up	GNG7	up in PM_high vs PM_low (Suppl Data 5)
Lenos2022_PMhigh_up	CSF1	up in PM_high vs PM_low (Suppl Data 5)
Lenos2022_PMhigh_up	DNMT3B	up in PM_high vs PM_low (Suppl Data 5)
Lenos2022_PMhigh_up	PNMA1	up in PM_high vs PM_low (Suppl Data 5)
Lenos2022_PMhigh_up	MAP3K6	up in PM_high vs PM_low (Suppl Data 5)
Lenos2022_PMhigh_up	AMN1	up in PM_high vs PM_low (Suppl Data 5)
Lenos2022_PMhigh_up	ACTR1A	up in PM_high vs PM_low (Suppl Data 5)
Lenos2022_PMhigh_up	PER3	up in PM_high vs PM_low (Suppl Data 5)
Lenos2022_PMhigh_up	SNN	up in PM_high vs PM_low (Suppl Data 5)
Lenos2022_PMhigh_up	C8ORF58	up in PM_high vs PM_low (Suppl Data 5)
Lenos2022_PMhigh_up	BAIAP2-AS1	up in PM_high vs PM_low (Suppl Data 5)
Lenos2022_PMhigh_up	PRR3	up in PM_high vs PM_low (Suppl Data 5)
Lenos2022_PMhigh_up	SH3BP5L	up in PM_high vs PM_low (Suppl Data 5)
Lenos2022_PMhigh_up	PNPLA6	up in PM_high vs PM_low (Suppl Data 5)
Lenos2022_PMhigh_up	MAP4K4	up in PM_high vs PM_low (Suppl Data 5)
Lenos2022_PMhigh_up	MAP7D1	up in PM_high vs PM_low (Suppl Data 5)
Lenos2022_PMhigh_up	PLIN3	up in PM_high vs PM_low (Suppl Data 5)
Lenos2022_PMhigh_up	TCIRG1	up in PM_high vs PM_low (Suppl Data 5)
Lenos2022_PMhigh_up	LINC00537	up in PM_high vs PM_low (Suppl Data 5)
Lenos2022_PMhigh_up	HPCAL1	up in PM_high vs PM_low (Suppl Data 5)
Lenos2022_PMhigh_up	CUEDC1	up in PM_high vs PM_low (Suppl Data 5)
Lenos2022_PMhigh_up	SMG6	up in PM_high vs PM_low (Suppl Data 5)
Lenos2022_PMhigh_up	FAM64A	up in PM_high vs PM_low (Suppl Data 5)
Lenos2022_PMhigh_up	HMGA1	up in PM_high vs PM_low (Suppl Data 5)
Lenos2022_PMhigh_up	TFPT	up in PM_high vs PM_low (Suppl Data 5)
Lenos2022_PMhigh_up	B9D2	up in PM_high vs PM_low (Suppl Data 5)
Lenos2022_PMhigh_up	FAM65A	up in PM_high vs PM_low (Suppl Data 5)
Lenos2022_PMhigh_up	ANKRD20A11P	up in PM_high vs PM_low (Suppl Data 5)
Lenos2022_PMhigh_up	RAD51C	up in PM_high vs PM_low (Suppl Data 5)
Lenos2022_PMhigh_up	HEXIM1	up in PM_high vs PM_low (Suppl Data 5)
Lenos2022_PMhigh_up	PJA1	up in PM_high vs PM_low (Suppl Data 5)
Lenos2022_PMhigh_up	MYL6B	up in PM_high vs PM_low (Suppl Data 5)
Lenos2022_PMhigh_up	PFAS	up in PM_high vs PM_low (Suppl Data 5)
Lenos2022_PMhigh_up	LOC100506100	up in PM_high vs PM_low (Suppl Data 5)
Lenos2022_PMhigh_up	SCPEP1	up in PM_high vs PM_low (Suppl Data 5)
Lenos2022_PMhigh_up	DAB1-AS1	up in PM_high vs PM_low (Suppl Data 5)
Lenos2022_PMhigh_up	EHBP1L1	up in PM_high vs PM_low (Suppl Data 5)
Lenos2022_PMhigh_up	LOC400684	up in PM_high vs PM_low (Suppl Data 5)
Lenos2022_PMhigh_up	SMURF2	up in PM_high vs PM_low (Suppl Data 5)
Lenos2022_PMhigh_up	PANX1	up in PM_high vs PM_low (Suppl Data 5)
Lenos2022_PMhigh_up	C10ORF88	up in PM_high vs PM_low (Suppl Data 5)
Lenos2022_PMhigh_up	TUBB3	up in PM_high vs PM_low (Suppl Data 5)
Lenos2022_PMhigh_up	GLB1L	up in PM_high vs PM_low (Suppl Data 5)
Lenos2022_PMhigh_up	MCRIP1	up in PM_high vs PM_low (Suppl Data 5)
Lenos2022_PMhigh_up	STMN1	up in PM_high vs PM_low (Suppl Data 5)
Lenos2022_PMhigh_up	AP1M1	up in PM_high vs PM_low (Suppl Data 5)
Lenos2022_PMhigh_up	FKBP1A	up in PM_high vs PM_low (Suppl Data 5)
Lenos2022_PMhigh_up	PRMT2	up in PM_high vs PM_low (Suppl Data 5)
Lenos2022_PMhigh_up	ZBTB47	up in PM_high vs PM_low (Suppl Data 5)
Lenos2022_PMhigh_up	OCEL1	up in PM_high vs PM_low (Suppl Data 5)
Lenos2022_PMhigh_up	VPS18	up in PM_high vs PM_low (Suppl Data 5)
Lenos2022_PMhigh_up	RPP30	up in PM_high vs PM_low (Suppl Data 5)
Lenos2022_PMhigh_up	PAOX	up in PM_high vs PM_low (Suppl Data 5)
Lenos2022_PMhigh_up	DOCK1	up in PM_high vs PM_low (Suppl Data 5)
Lenos2022_PMhigh_up	GTSE1	up in PM_high vs PM_low (Suppl Data 5)
Lenos2022_PMhigh_up	MEX3A	up in PM_high vs PM_low (Suppl Data 5)
Lenos2022_PMhigh_up	UROD	up in PM_high vs PM_low (Suppl Data 5)
Lenos2022_PMhigh_up	POLR2A	up in PM_high vs PM_low (Suppl Data 5)
Lenos2022_PMhigh_up	STARD3	up in PM_high vs PM_low (Suppl Data 5)
Lenos2022_PMhigh_up	LOC285178	up in PM_high vs PM_low (Suppl Data 5)
Lenos2022_PMhigh_up	PHF23	up in PM_high vs PM_low (Suppl Data 5)
Lenos2022_PMhigh_up	PTOV1	up in PM_high vs PM_low (Suppl Data 5)
Lenos2022_PMhigh_up	TUBB	up in PM_high vs PM_low (Suppl Data 5)
Lenos2022_PMhigh_up	USB1	up in PM_high vs PM_low (Suppl Data 5)
Lenos2022_PMhigh_up	ARSK	up in PM_high vs PM_low (Suppl Data 5)
Lenos2022_PMhigh_up	RNF25	up in PM_high vs PM_low (Suppl Data 5)
Lenos2022_PMhigh_up	STIP1	up in PM_high vs PM_low (Suppl Data 5)
Lenos2022_PMhigh_up	PHLDB3	up in PM_high vs PM_low (Suppl Data 5)
Lenos2022_PMhigh_up	PWP2	up in PM_high vs PM_low (Suppl Data 5)
Lenos2022_PMhigh_up	PPM1F	up in PM_high vs PM_low (Suppl Data 5)
Lenos2022_PMhigh_up	CCDC86	up in PM_high vs PM_low (Suppl Data 5)
Lenos2022_PMhigh_up	CEP19	up in PM_high vs PM_low (Suppl Data 5)
Lenos2022_PMhigh_up	GNAI2	up in PM_high vs PM_low (Suppl Data 5)
Lenos2022_PMhigh_up	COPG2	up in PM_high vs PM_low (Suppl Data 5)
Lenos2022_PMhigh_up	ITPRIP	up in PM_high vs PM_low (Suppl Data 5)
Lenos2022_PMhigh_up	MAP3K3	up in PM_high vs PM_low (Suppl Data 5)
Lenos2022_PMhigh_up	SYNDIG1	up in PM_high vs PM_low (Suppl Data 5)
Lenos2022_PMhigh_up	AHDC1	up in PM_high vs PM_low (Suppl Data 5)
Lenos2022_PMhigh_up	ZNF45	up in PM_high vs PM_low (Suppl Data 5)
Lenos2022_PMhigh_up	COMMD9	up in PM_high vs PM_low (Suppl Data 5)
Lenos2022_PMhigh_up	C1ORF216	up in PM_high vs PM_low (Suppl Data 5)
Lenos2022_PMhigh_up	NSFL1C	up in PM_high vs PM_low (Suppl Data 5)
Lenos2022_PMhigh_up	STAT2	up in PM_high vs PM_low (Suppl Data 5)
Lenos2022_PMhigh_up	SUFU	up in PM_high vs PM_low (Suppl Data 5)
Lenos2022_PMhigh_up	FKRP	up in PM_high vs PM_low (Suppl Data 5)
Lenos2022_PMhigh_up	SRRD	up in PM_high vs PM_low (Suppl Data 5)
Lenos2022_PMhigh_up	DDA1	up in PM_high vs PM_low (Suppl Data 5)
Lenos2022_PMhigh_up	ADGRA3	up in PM_high vs PM_low (Suppl Data 5)
Lenos2022_PMhigh_up	ARL3	up in PM_high vs PM_low (Suppl Data 5)
Lenos2022_PMhigh_up	BCAR1	up in PM_high vs PM_low (Suppl Data 5)
Lenos2022_PMhigh_up	CBX1	up in PM_high vs PM_low (Suppl Data 5)
Lenos2022_PMhigh_up	TWF2	up in PM_high vs PM_low (Suppl Data 5)
Lenos2022_PMhigh_up	SFXN1	up in PM_high vs PM_low (Suppl Data 5)
Lenos2022_PMhigh_up	AGPAT1	up in PM_high vs PM_low (Suppl Data 5)
Lenos2022_PMhigh_up	TSNAXIP1	up in PM_high vs PM_low (Suppl Data 5)
Lenos2022_PMhigh_up	FTSJ3	up in PM_high vs PM_low (Suppl Data 5)
Lenos2022_PMhigh_up	FAM89B	up in PM_high vs PM_low (Suppl Data 5)
Lenos2022_PMhigh_up	MRPS6	up in PM_high vs PM_low (Suppl Data 5)
Lenos2022_PMhigh_up	VPS16	up in PM_high vs PM_low (Suppl Data 5)
Lenos2022_PMhigh_up	LOC389834	up in PM_high vs PM_low (Suppl Data 5)
Lenos2022_PMhigh_up	EHMT2	up in PM_high vs PM_low (Suppl Data 5)
Lenos2022_PMhigh_up	DNAJC8	up in PM_high vs PM_low (Suppl Data 5)
Lenos2022_PMhigh_up	CCDC167	up in PM_high vs PM_low (Suppl Data 5)
Lenos2022_PMhigh_up	ERCC1	up in PM_high vs PM_low (Suppl Data 5)
Lenos2022_PMhigh_up	YBEY	up in PM_high vs PM_low (Suppl Data 5)
Lenos2022_PMhigh_up	GMPPA	up in PM_high vs PM_low (Suppl Data 5)
Lenos2022_PMhigh_up	NR2F6	up in PM_high vs PM_low (Suppl Data 5)
Lenos2022_PMhigh_up	PLOD1	up in PM_high vs PM_low (Suppl Data 5)
Lenos2022_PMhigh_up	PSMB6	up in PM_high vs PM_low (Suppl Data 5)
Lenos2022_PMhigh_up	FLII	up in PM_high vs PM_low (Suppl Data 5)
Lenos2022_PMhigh_up	TMEM107	up in PM_high vs PM_low (Suppl Data 5)
Lenos2022_PMhigh_up	CCNE1	up in PM_high vs PM_low (Suppl Data 5)
Lenos2022_PMhigh_up	WRAP53	up in PM_high vs PM_low (Suppl Data 5)
Lenos2022_PMhigh_up	LDB1	up in PM_high vs PM_low (Suppl Data 5)
Lenos2022_PMhigh_up	ECD	up in PM_high vs PM_low (Suppl Data 5)
Lenos2022_PMhigh_up	S1PR2	up in PM_high vs PM_low (Suppl Data 5)
Lenos2022_PMhigh_up	LAMTOR1	up in PM_high vs PM_low (Suppl Data 5)
Lenos2022_PMhigh_up	MCM5	up in PM_high vs PM_low (Suppl Data 5)
Lenos2022_PMhigh_up	METTL21A	up in PM_high vs PM_low (Suppl Data 5)
Lenos2022_PMhigh_up	TACC3	up in PM_high vs PM_low (Suppl Data 5)
Lenos2022_PMhigh_up	HSDL1	up in PM_high vs PM_low (Suppl Data 5)
Lenos2022_PMhigh_up	EVI5L	up in PM_high vs PM_low (Suppl Data 5)
Lenos2022_PMhigh_up	ACP2	up in PM_high vs PM_low (Suppl Data 5)
Lenos2022_PMhigh_up	LINC00094	up in PM_high vs PM_low (Suppl Data 5)
Lenos2022_PMhigh_up	CCHCR1	up in PM_high vs PM_low (Suppl Data 5)
Lenos2022_PMhigh_up	HMGN3	up in PM_high vs PM_low (Suppl Data 5)
Lenos2022_PMhigh_up	TMEM256	up in PM_high vs PM_low (Suppl Data 5)
Lenos2022_PMhigh_up	FHOD1	up in PM_high vs PM_low (Suppl Data 5)
Lenos2022_PMhigh_up	CHCHD5	up in PM_high vs PM_low (Suppl Data 5)
Lenos2022_PMhigh_up	SWAP70	up in PM_high vs PM_low (Suppl Data 5)
Lenos2022_PMhigh_up	MAN2B1	up in PM_high vs PM_low (Suppl Data 5)
Lenos2022_PMhigh_up	CCBL1	up in PM_high vs PM_low (Suppl Data 5)
Lenos2022_PMhigh_up	CYB5R3	up in PM_high vs PM_low (Suppl Data 5)
Lenos2022_PMhigh_up	PQLC2	up in PM_high vs PM_low (Suppl Data 5)
Lenos2022_PMhigh_up	CDK5	up in PM_high vs PM_low (Suppl Data 5)
Lenos2022_PMhigh_up	FEN1	up in PM_high vs PM_low (Suppl Data 5)
Lenos2022_PMhigh_up	RBFOX2	up in PM_high vs PM_low (Suppl Data 5)
Lenos2022_PMhigh_up	NARF	up in PM_high vs PM_low (Suppl Data 5)
Lenos2022_PMhigh_up	EXTL2	up in PM_high vs PM_low (Suppl Data 5)
Lenos2022_PMhigh_up	GALNT11	up in PM_high vs PM_low (Suppl Data 5)
Lenos2022_PMhigh_up	GPX4	up in PM_high vs PM_low (Suppl Data 5)
Lenos2022_PMhigh_up	OAZ2	up in PM_high vs PM_low (Suppl Data 5)
Lenos2022_PMhigh_up	SGK494	up in PM_high vs PM_low (Suppl Data 5)
Lenos2022_PMhigh_up	DDB1	up in PM_high vs PM_low (Suppl Data 5)
Lenos2022_PMhigh_up	ZNF346	up in PM_high vs PM_low (Suppl Data 5)
Lenos2022_PMhigh_up	PPP2R1A	up in PM_high vs PM_low (Suppl Data 5)
Lenos2022_PMhigh_up	SDHAF2	up in PM_high vs PM_low (Suppl Data 5)
Lenos2022_PMhigh_up	KLHL22	up in PM_high vs PM_low (Suppl Data 5)
Lenos2022_PMhigh_up	COPRS	up in PM_high vs PM_low (Suppl Data 5)
Lenos2022_PMhigh_up	SNAPC1	up in PM_high vs PM_low (Suppl Data 5)
Lenos2022_PMhigh_up	C17ORF80	up in PM_high vs PM_low (Suppl Data 5)
Lenos2022_PMhigh_up	URB1	up in PM_high vs PM_low (Suppl Data 5)
Lenos2022_PMhigh_up	SEC13	up in PM_high vs PM_low (Suppl Data 5)
Lenos2022_PMhigh_up	TRAM2	up in PM_high vs PM_low (Suppl Data 5)
Lenos2022_PMhigh_up	GPAM	up in PM_high vs PM_low (Suppl Data 5)
Lenos2022_PMhigh_up	ZDHHC14	up in PM_high vs PM_low (Suppl Data 5)
Lenos2022_PMhigh_up	IFT22	up in PM_high vs PM_low (Suppl Data 5)
Lenos2022_PMhigh_up	TMEM138	up in PM_high vs PM_low (Suppl Data 5)
Lenos2022_PMhigh_up	RNF26	up in PM_high vs PM_low (Suppl Data 5)
Lenos2022_PMhigh_up	NCAPH2	up in PM_high vs PM_low (Suppl Data 5)
Lenos2022_PMhigh_up	CDS2	up in PM_high vs PM_low (Suppl Data 5)
Lenos2022_PMhigh_up	FUT11	up in PM_high vs PM_low (Suppl Data 5)
Lenos2022_PMhigh_up	TWSG1	up in PM_high vs PM_low (Suppl Data 5)
Lenos2022_PMhigh_up	FAAP20	up in PM_high vs PM_low (Suppl Data 5)
Lenos2022_PMhigh_up	STK36	up in PM_high vs PM_low (Suppl Data 5)
Lenos2022_PMhigh_up	PPP4R1	up in PM_high vs PM_low (Suppl Data 5)
Lenos2022_PMhigh_up	POMGNT2	up in PM_high vs PM_low (Suppl Data 5)
Lenos2022_PMhigh_up	GPS1	up in PM_high vs PM_low (Suppl Data 5)
Lenos2022_PMhigh_up	RALBP1	up in PM_high vs PM_low (Suppl Data 5)
Lenos2022_PMhigh_up	DPCD	up in PM_high vs PM_low (Suppl Data 5)
Lenos2022_PMhigh_up	KPTN	up in PM_high vs PM_low (Suppl Data 5)
Lenos2022_PMhigh_up	PARP2	up in PM_high vs PM_low (Suppl Data 5)
Lenos2022_PMhigh_up	SAP30BP	up in PM_high vs PM_low (Suppl Data 5)
Lenos2022_PMhigh_up	PPP3CB	up in PM_high vs PM_low (Suppl Data 5)
Lenos2022_PMhigh_up	SNRPC	up in PM_high vs PM_low (Suppl Data 5)
Lenos2022_PMhigh_up	C17ORF62	up in PM_high vs PM_low (Suppl Data 5)
Lenos2022_PMhigh_up	MACF1	up in PM_high vs PM_low (Suppl Data 5)
Lenos2022_PMhigh_up	THRAP3	up in PM_high vs PM_low (Suppl Data 5)
Lenos2022_PMhigh_up	NUP62	up in PM_high vs PM_low (Suppl Data 5)
Lenos2022_PMhigh_up	STRADA	up in PM_high vs PM_low (Suppl Data 5)
Lenos2022_PMhigh_up	SNF8	up in PM_high vs PM_low (Suppl Data 5)
Lenos2022_PMhigh_up	GANAB	up in PM_high vs PM_low (Suppl Data 5)
Lenos2022_PMhigh_up	YIPF1	up in PM_high vs PM_low (Suppl Data 5)
Lenos2022_PMhigh_up	POLR3H	up in PM_high vs PM_low (Suppl Data 5)
Lenos2022_PMhigh_up	KDM1A	up in PM_high vs PM_low (Suppl Data 5)
Lenos2022_PMhigh_up	MED31	up in PM_high vs PM_low (Suppl Data 5)
Lenos2022_PMhigh_up	PMPCA	up in PM_high vs PM_low (Suppl Data 5)
Lenos2022_PMhigh_up	GATB	up in PM_high vs PM_low (Suppl Data 5)
Lenos2022_PMhigh_up	SCRN2	up in PM_high vs PM_low (Suppl Data 5)
Lenos2022_PMhigh_up	AP2S1	up in PM_high vs PM_low (Suppl Data 5)
Lenos2022_PMhigh_up	WBP2	up in PM_high vs PM_low (Suppl Data 5)
Lenos2022_PMhigh_up	NINJ1	up in PM_high vs PM_low (Suppl Data 5)
Lenos2022_PMhigh_up	UBL7	up in PM_high vs PM_low (Suppl Data 5)
Lenos2022_PMhigh_up	CASP9	up in PM_high vs PM_low (Suppl Data 5)
Lenos2022_PMhigh_up	AGTRAP	up in PM_high vs PM_low (Suppl Data 5)
Lenos2022_PMhigh_up	KIF20A	up in PM_high vs PM_low (Suppl Data 5)
Lenos2022_PMhigh_up	DAXX	up in PM_high vs PM_low (Suppl Data 5)
Lenos2022_PMhigh_up	GINS4	up in PM_high vs PM_low (Suppl Data 5)
Lenos2022_PMhigh_up	B3GAT3	up in PM_high vs PM_low (Suppl Data 5)
Lenos2022_PMhigh_up	HYAL2	up in PM_high vs PM_low (Suppl Data 5)
Lenos2022_PMhigh_up	PSMC5	up in PM_high vs PM_low (Suppl Data 5)
Lenos2022_PMhigh_up	RRP7A	up in PM_high vs PM_low (Suppl Data 5)
Lenos2022_PMhigh_up	ZCCHC17	up in PM_high vs PM_low (Suppl Data 5)
Lenos2022_PMhigh_up	SPAG5	up in PM_high vs PM_low (Suppl Data 5)
Lenos2022_PMhigh_up	SNAP47	up in PM_high vs PM_low (Suppl Data 5)
Lenos2022_PMhigh_up	SNRNP40	up in PM_high vs PM_low (Suppl Data 5)
Lenos2022_PMhigh_up	WDR46	up in PM_high vs PM_low (Suppl Data 5)
Lenos2022_PMhigh_up	C19ORF12	up in PM_high vs PM_low (Suppl Data 5)
Lenos2022_PMhigh_up	PRMT7	up in PM_high vs PM_low (Suppl Data 5)
Lenos2022_PMhigh_up	PGS1	up in PM_high vs PM_low (Suppl Data 5)
Lenos2022_PMhigh_up	STX8	up in PM_high vs PM_low (Suppl Data 5)
Lenos2022_PMhigh_up	TM9SF1	up in PM_high vs PM_low (Suppl Data 5)
Lenos2022_PMhigh_up	PSMC3	up in PM_high vs PM_low (Suppl Data 5)
Lenos2022_PMhigh_up	KPNA2	up in PM_high vs PM_low (Suppl Data 5)
Lenos2022_PMhigh_up	C11ORF68	up in PM_high vs PM_low (Suppl Data 5)
Lenos2022_PMhigh_up	LRTOMT	up in PM_high vs PM_low (Suppl Data 5)
Lenos2022_PMhigh_up	GRN	up in PM_high vs PM_low (Suppl Data 5)
Lenos2022_PMhigh_up	STRA13	up in PM_high vs PM_low (Suppl Data 5)
Lenos2022_PMhigh_up	ITPA	up in PM_high vs PM_low (Suppl Data 5)
Lenos2022_PMhigh_up	SHC1	up in PM_high vs PM_low (Suppl Data 5)
Lenos2022_PMhigh_up	OTUB1	up in PM_high vs PM_low (Suppl Data 5)
Lenos2022_PMhigh_up	RFXANK	up in PM_high vs PM_low (Suppl Data 5)
Lenos2022_PMhigh_up	SLC31A2	up in PM_high vs PM_low (Suppl Data 5)
Lenos2022_PMhigh_up	BMP1	up in PM_high vs PM_low (Suppl Data 5)
Lenos2022_PMhigh_up	SPATS2	up in PM_high vs PM_low (Suppl Data 5)
Lenos2022_PMhigh_up	ZC3HC1	up in PM_high vs PM_low (Suppl Data 5)
Lenos2022_PMhigh_up	C1ORF123	up in PM_high vs PM_low (Suppl Data 5)
Lenos2022_PMhigh_up	PLCG1	up in PM_high vs PM_low (Suppl Data 5)
Lenos2022_PMhigh_up	EHD1	up in PM_high vs PM_low (Suppl Data 5)
Lenos2022_PMhigh_up	ZSWIM7	up in PM_high vs PM_low (Suppl Data 5)
Lenos2022_PMhigh_up	MICU1	up in PM_high vs PM_low (Suppl Data 5)
Lenos2022_PMhigh_up	SRM	up in PM_high vs PM_low (Suppl Data 5)
Lenos2022_PMhigh_up	CUTA	up in PM_high vs PM_low (Suppl Data 5)
Lenos2022_PMhigh_up	ZSWIM8	up in PM_high vs PM_low (Suppl Data 5)
Lenos2022_PMhigh_up	NUP93	up in PM_high vs PM_low (Suppl Data 5)
Lenos2022_PMhigh_up	GTDC1	up in PM_high vs PM_low (Suppl Data 5)
Lenos2022_PMhigh_up	SART1	up in PM_high vs PM_low (Suppl Data 5)
Lenos2022_PMhigh_up	RBPJ	up in PM_high vs PM_low (Suppl Data 5)
Lenos2022_PMhigh_up	EIF4G1	up in PM_high vs PM_low (Suppl Data 5)
Lenos2022_PMhigh_up	PANK2	up in PM_high vs PM_low (Suppl Data 5)
Lenos2022_PMhigh_up	MGA	up in PM_high vs PM_low (Suppl Data 5)
Lenos2022_PMhigh_up	TMEM160	up in PM_high vs PM_low (Suppl Data 5)
Lenos2022_PMhigh_up	UFD1L	up in PM_high vs PM_low (Suppl Data 5)
Lenos2022_PMhigh_up	ATP6V1E1	up in PM_high vs PM_low (Suppl Data 5)
Lenos2022_PMhigh_up	PACRGL	up in PM_high vs PM_low (Suppl Data 5)
Lenos2022_PMhigh_up	ARAP1	up in PM_high vs PM_low (Suppl Data 5)
Lenos2022_PMhigh_up	GTF2H5	up in PM_high vs PM_low (Suppl Data 5)
Lenos2022_PMhigh_up	MRPL40	up in PM_high vs PM_low (Suppl Data 5)
Lenos2022_PMhigh_up	IDH3B	up in PM_high vs PM_low (Suppl Data 5)
Lenos2022_PMhigh_up	LSM2	up in PM_high vs PM_low (Suppl Data 5)
Lenos2022_PMhigh_up	AKT1S1	up in PM_high vs PM_low (Suppl Data 5)
Lenos2022_PMhigh_up	ZBTB17	up in PM_high vs PM_low (Suppl Data 5)
Lenos2022_PMhigh_up	CTPS1	up in PM_high vs PM_low (Suppl Data 5)
Lenos2022_PMhigh_up	TAF8	up in PM_high vs PM_low (Suppl Data 5)
Lenos2022_PMhigh_up	SMG8	up in PM_high vs PM_low (Suppl Data 5)
Lenos2022_PMhigh_up	CENPBD1P1	up in PM_high vs PM_low (Suppl Data 5)
Lenos2022_PMhigh_up	FADD	up in PM_high vs PM_low (Suppl Data 5)
Lenos2022_PMhigh_up	TSPAN9	up in PM_high vs PM_low (Suppl Data 5)
Lenos2022_PMhigh_up	WDR26	up in PM_high vs PM_low (Suppl Data 5)
Lenos2022_PMhigh_up	MAPKBP1	up in PM_high vs PM_low (Suppl Data 5)
Lenos2022_PMhigh_up	VCL	up in PM_high vs PM_low (Suppl Data 5)
Lenos2022_PMhigh_up	NOP10	up in PM_high vs PM_low (Suppl Data 5)
Lenos2022_PMhigh_up	APEX1	up in PM_high vs PM_low (Suppl Data 5)
Lenos2022_PMhigh_up	SARS2	up in PM_high vs PM_low (Suppl Data 5)
Lenos2022_PMhigh_up	SOX4	up in PM_high vs PM_low (Suppl Data 5)
Lenos2022_PMhigh_up	TP53BP1	up in PM_high vs PM_low (Suppl Data 5)
Lenos2022_PMhigh_up	ADD1	up in PM_high vs PM_low (Suppl Data 5)
Lenos2022_PMhigh_up	GTF3C1	up in PM_high vs PM_low (Suppl Data 5)
Lenos2022_PMhigh_up	POLR2G	up in PM_high vs PM_low (Suppl Data 5)
Lenos2022_PMhigh_up	PRMT1	up in PM_high vs PM_low (Suppl Data 5)
Lenos2022_PMhigh_up	LUZP1	up in PM_high vs PM_low (Suppl Data 5)
Lenos2022_PMhigh_up	FAM210A	up in PM_high vs PM_low (Suppl Data 5)
Lenos2022_PMhigh_up	CBL	up in PM_high vs PM_low (Suppl Data 5)
Lenos2022_PMhigh_up	TAB1	up in PM_high vs PM_low (Suppl Data 5)
Lenos2022_PMhigh_up	TRAPPC1	up in PM_high vs PM_low (Suppl Data 5)
Lenos2022_PMhigh_up	INCENP	up in PM_high vs PM_low (Suppl Data 5)
Lenos2022_PMhigh_up	LOC148413	up in PM_high vs PM_low (Suppl Data 5)
Lenos2022_PMhigh_up	UBE2Z	up in PM_high vs PM_low (Suppl Data 5)
Lenos2022_PMhigh_up	DRG2	up in PM_high vs PM_low (Suppl Data 5)
Lenos2022_PMhigh_up	MTMR9	up in PM_high vs PM_low (Suppl Data 5)
Lenos2022_PMhigh_up	BOD1L1	up in PM_high vs PM_low (Suppl Data 5)
Lenos2022_PMhigh_up	PEX14	up in PM_high vs PM_low (Suppl Data 5)
Lenos2022_PMhigh_up	MRPL28	up in PM_high vs PM_low (Suppl Data 5)
Lenos2022_PMhigh_up	TRNAU1AP	up in PM_high vs PM_low (Suppl Data 5)
Lenos2022_PMhigh_up	MEN1	up in PM_high vs PM_low (Suppl Data 5)
Lenos2022_PMhigh_up	PSMD1	up in PM_high vs PM_low (Suppl Data 5)
Lenos2022_PMhigh_up	MCM3AP	up in PM_high vs PM_low (Suppl Data 5)
Lenos2022_PMhigh_up	EMSY	up in PM_high vs PM_low (Suppl Data 5)
Lenos2022_PMhigh_up	TMEM218	up in PM_high vs PM_low (Suppl Data 5)
Lenos2022_PMhigh_up	RRP36	up in PM_high vs PM_low (Suppl Data 5)
Lenos2022_PMhigh_up	SGTA	up in PM_high vs PM_low (Suppl Data 5)
Lenos2022_PMhigh_up	CSNK2B	up in PM_high vs PM_low (Suppl Data 5)
Lenos2022_PMhigh_up	PIP4K2B	up in PM_high vs PM_low (Suppl Data 5)
Lenos2022_PMhigh_up	JMJD6	up in PM_high vs PM_low (Suppl Data 5)
Lenos2022_PMhigh_up	INTS4	up in PM_high vs PM_low (Suppl Data 5)
Lenos2022_PMhigh_up	BANP	up in PM_high vs PM_low (Suppl Data 5)
Lenos2022_PMhigh_up	ELAC2	up in PM_high vs PM_low (Suppl Data 5)
Lenos2022_PMhigh_up	TBCD	up in PM_high vs PM_low (Suppl Data 5)
Lenos2022_PMhigh_up	BABAM1	up in PM_high vs PM_low (Suppl Data 5)
Lenos2022_PMhigh_up	ZNF579	up in PM_high vs PM_low (Suppl Data 5)
Lenos2022_PMhigh_up	GABARAP	up in PM_high vs PM_low (Suppl Data 5)
Lenos2022_PMhigh_up	C4ORF3	up in PM_high vs PM_low (Suppl Data 5)
Lenos2022_PMhigh_up	TMEM184B	up in PM_high vs PM_low (Suppl Data 5)
Lenos2022_PMhigh_up	UBFD1	up in PM_high vs PM_low (Suppl Data 5)
Lenos2022_PMhigh_up	ATXN10	up in PM_high vs PM_low (Suppl Data 5)
Lenos2022_PMhigh_up	NXF1	up in PM_high vs PM_low (Suppl Data 5)
Lenos2022_PMhigh_up	DUSP14	up in PM_high vs PM_low (Suppl Data 5)
Lenos2022_PMhigh_up	INTS9	up in PM_high vs PM_low (Suppl Data 5)
Lenos2022_PMhigh_up	PRPF31	up in PM_high vs PM_low (Suppl Data 5)
Lenos2022_PMhigh_up	XRN2	up in PM_high vs PM_low (Suppl Data 5)
Lenos2022_PMhigh_up	TPM4	up in PM_high vs PM_low (Suppl Data 5)
Lenos2022_PMhigh_up	SWI5	up in PM_high vs PM_low (Suppl Data 5)
Lenos2022_PMhigh_up	DNAJA1	up in PM_high vs PM_low (Suppl Data 5)
Lenos2022_PMhigh_up	FAM118B	up in PM_high vs PM_low (Suppl Data 5)
Lenos2022_PMhigh_up	TUBB4B	up in PM_high vs PM_low (Suppl Data 5)
Lenos2022_PMhigh_up	NMT1	up in PM_high vs PM_low (Suppl Data 5)
Lenos2022_PMhigh_up	COPS7B	up in PM_high vs PM_low (Suppl Data 5)
Lenos2022_PMhigh_up	SAMM50	up in PM_high vs PM_low (Suppl Data 5)
Lenos2022_PMhigh_up	GRB2	up in PM_high vs PM_low (Suppl Data 5)
Lenos2022_PMhigh_up	ZSCAN9	up in PM_high vs PM_low (Suppl Data 5)
Lenos2022_PMhigh_up	GOSR2	up in PM_high vs PM_low (Suppl Data 5)
Lenos2022_PMhigh_up	PHC1	up in PM_high vs PM_low (Suppl Data 5)
Lenos2022_PMhigh_up	C21ORF59	up in PM_high vs PM_low (Suppl Data 5)
Lenos2022_PMhigh_up	TOP3A	up in PM_high vs PM_low (Suppl Data 5)
Lenos2022_PMhigh_up	DPP3	up in PM_high vs PM_low (Suppl Data 5)
Lenos2022_PMhigh_up	NTMT1	up in PM_high vs PM_low (Suppl Data 5)
Lenos2022_PMhigh_up	PAF1	up in PM_high vs PM_low (Suppl Data 5)
Lenos2022_PMhigh_up	FBXO33	up in PM_high vs PM_low (Suppl Data 5)
Lenos2022_PMhigh_up	ZW10	up in PM_high vs PM_low (Suppl Data 5)
Lenos2022_PMhigh_up	MRPS7	up in PM_high vs PM_low (Suppl Data 5)
Lenos2022_PMhigh_up	ATP5SL	up in PM_high vs PM_low (Suppl Data 5)
Lenos2022_PMhigh_up	XRCC6	up in PM_high vs PM_low (Suppl Data 5)
Lenos2022_PMhigh_up	RTCB	up in PM_high vs PM_low (Suppl Data 5)
Lenos2022_PMhigh_up	PSMD11	up in PM_high vs PM_low (Suppl Data 5)
Lenos2022_PMhigh_up	RNF4	up in PM_high vs PM_low (Suppl Data 5)
Lenos2022_PMhigh_up	XRCC1	up in PM_high vs PM_low (Suppl Data 5)
Lenos2022_PMhigh_up	LOC440434	up in PM_high vs PM_low (Suppl Data 5)
Lenos2022_PMhigh_up	PSMD8	up in PM_high vs PM_low (Suppl Data 5)
Lenos2022_PMhigh_up	TRMT112	up in PM_high vs PM_low (Suppl Data 5)
Lenos2022_PMhigh_up	SH3GL1	up in PM_high vs PM_low (Suppl Data 5)
Lenos2022_PMhigh_up	UBE2L3	up in PM_high vs PM_low (Suppl Data 5)
Lenos2022_PMhigh_up	OXA1L	up in PM_high vs PM_low (Suppl Data 5)
Lenos2022_PMhigh_up	INPP5F	up in PM_high vs PM_low (Suppl Data 5)
Lenos2022_PMhigh_up	ENO1	up in PM_high vs PM_low (Suppl Data 5)
Lenos2022_PMhigh_up	POLDIP3	up in PM_high vs PM_low (Suppl Data 5)
Lenos2022_PMhigh_up	U2AF1	up in PM_high vs PM_low (Suppl Data 5)
Lenos2022_PMhigh_up	MED19	up in PM_high vs PM_low (Suppl Data 5)
Lenos2022_PMhigh_up	PHF13	up in PM_high vs PM_low (Suppl Data 5)
Lenos2022_PMhigh_up	TNIP2	up in PM_high vs PM_low (Suppl Data 5)
Lenos2022_PMhigh_up	MTX1	up in PM_high vs PM_low (Suppl Data 5)
Lenos2022_PMhigh_up	APOL2	up in PM_high vs PM_low (Suppl Data 5)
Lenos2022_PMhigh_up	TMEM39B	up in PM_high vs PM_low (Suppl Data 5)
Lenos2022_PMhigh_up	RBM4B	up in PM_high vs PM_low (Suppl Data 5)
Lenos2022_PMhigh_up	ZRANB1	up in PM_high vs PM_low (Suppl Data 5)
Lenos2022_PMhigh_up	SAR1A	up in PM_high vs PM_low (Suppl Data 5)
Lenos2022_PMhigh_up	PARP1	up in PM_high vs PM_low (Suppl Data 5)
Lenos2022_PMhigh_up	GSTO1	up in PM_high vs PM_low (Suppl Data 5)
Lenos2022_PMhigh_up	NUMBL	up in PM_high vs PM_low (Suppl Data 5)
Lenos2022_PMhigh_up	RAB1B	up in PM_high vs PM_low (Suppl Data 5)
Lenos2022_PMhigh_up	FASTKD5	up in PM_high vs PM_low (Suppl Data 5)
Lenos2022_PMhigh_up	GABARAPL2	up in PM_high vs PM_low (Suppl Data 5)
Lenos2022_PMhigh_up	PANK4	up in PM_high vs PM_low (Suppl Data 5)
Lenos2022_PMhigh_up	TPGS2	up in PM_high vs PM_low (Suppl Data 5)
Lenos2022_PMhigh_up	CERS5	up in PM_high vs PM_low (Suppl Data 5)
Lenos2022_PMhigh_up	ERI3	up in PM_high vs PM_low (Suppl Data 5)
Lenos2022_PMhigh_up	POLR2E	up in PM_high vs PM_low (Suppl Data 5)
Lenos2022_PMhigh_up	SENP5	up in PM_high vs PM_low (Suppl Data 5)
Lenos2022_PMhigh_up	C18ORF8	up in PM_high vs PM_low (Suppl Data 5)
Lenos2022_PMhigh_up	UBE4B	up in PM_high vs PM_low (Suppl Data 5)
Lenos2022_PMhigh_up	PPP1CA	up in PM_high vs PM_low (Suppl Data 5)
Lenos2022_PMhigh_up	SHPK	up in PM_high vs PM_low (Suppl Data 5)
Lenos2022_PMhigh_up	ASNA1	up in PM_high vs PM_low (Suppl Data 5)
Lenos2022_PMhigh_up	HDGFRP2	up in PM_high vs PM_low (Suppl Data 5)
Lenos2022_PMhigh_up	QSER1	up in PM_high vs PM_low (Suppl Data 5)
Lenos2022_PMhigh_up	BLOC1S4	up in PM_high vs PM_low (Suppl Data 5)
Lenos2022_PMhigh_up	TEX10	up in PM_high vs PM_low (Suppl Data 5)
Lenos2022_PMhigh_up	PEX2	up in PM_high vs PM_low (Suppl Data 5)
Lenos2022_PMhigh_up	LYRM4	up in PM_high vs PM_low (Suppl Data 5)
Lenos2022_PMhigh_up	CALR	up in PM_high vs PM_low (Suppl Data 5)
Lenos2022_PMhigh_up	TARBP2	up in PM_high vs PM_low (Suppl Data 5)
Lenos2022_PMhigh_up	TOM1	up in PM_high vs PM_low (Suppl Data 5)
Lenos2022_PMhigh_up	SAE1	up in PM_high vs PM_low (Suppl Data 5)
Lenos2022_PMhigh_up	DCPS	up in PM_high vs PM_low (Suppl Data 5)
Lenos2022_PMhigh_up	PEF1	up in PM_high vs PM_low (Suppl Data 5)
Lenos2022_PMhigh_up	SCYL1	up in PM_high vs PM_low (Suppl Data 5)
Lenos2022_PMhigh_up	TTC5	up in PM_high vs PM_low (Suppl Data 5)
Lenos2022_PMhigh_up	MRFAP1	up in PM_high vs PM_low (Suppl Data 5)
Lenos2022_PMhigh_up	BPGM	up in PM_high vs PM_low (Suppl Data 5)
Lenos2022_PMhigh_up	EXOC7	up in PM_high vs PM_low (Suppl Data 5)
Lenos2022_PMhigh_up	RPA1	up in PM_high vs PM_low (Suppl Data 5)
Lenos2022_PMhigh_up	LRPAP1	up in PM_high vs PM_low (Suppl Data 5)
Lenos2022_PMhigh_up	VAPA	up in PM_high vs PM_low (Suppl Data 5)
Lenos2022_PMhigh_up	ADAT3	up in PM_high vs PM_low (Suppl Data 5)
Lenos2022_PMhigh_up	NONO	up in PM_high vs PM_low (Suppl Data 5)
Lenos2022_PMhigh_up	PNKP	up in PM_high vs PM_low (Suppl Data 5)
Lenos2022_PMhigh_up	PIH1D1	up in PM_high vs PM_low (Suppl Data 5)
Lenos2022_PMhigh_up	PSMC4	up in PM_high vs PM_low (Suppl Data 5)
Lenos2022_PMhigh_up	PPP2R2D	up in PM_high vs PM_low (Suppl Data 5)
Lenos2022_PMhigh_up	KPNA6	up in PM_high vs PM_low (Suppl Data 5)
Lenos2022_PMhigh_up	KRT10	up in PM_high vs PM_low (Suppl Data 5)
Lenos2022_PMhigh_up	INPP5A	up in PM_high vs PM_low (Suppl Data 5)
Lenos2022_PMhigh_up	HNRNPD	up in PM_high vs PM_low (Suppl Data 5)
Lenos2022_PMhigh_up	PSMD13	up in PM_high vs PM_low (Suppl Data 5)
Lenos2022_PMhigh_up	NASP	up in PM_high vs PM_low (Suppl Data 5)
Lenos2022_PMhigh_up	AP2A2	up in PM_high vs PM_low (Suppl Data 5)
Lenos2022_PMhigh_up	TFIP11	up in PM_high vs PM_low (Suppl Data 5)
Lenos2022_PMhigh_up	METTL1	up in PM_high vs PM_low (Suppl Data 5)
Lenos2022_PMhigh_up	XRCC5	up in PM_high vs PM_low (Suppl Data 5)
Lenos2022_PMhigh_up	PSMB7	up in PM_high vs PM_low (Suppl Data 5)
Lenos2022_PMhigh_up	CCNB1	up in PM_high vs PM_low (Suppl Data 5)
Lenos2022_PMhigh_up	TNRC6B	up in PM_high vs PM_low (Suppl Data 5)
Lenos2022_PMhigh_up	PIAS4	up in PM_high vs PM_low (Suppl Data 5)
Lenos2022_PMhigh_up	CTDNEP1	up in PM_high vs PM_low (Suppl Data 5)
Lenos2022_PMhigh_up	EIF2B4	up in PM_high vs PM_low (Suppl Data 5)
Lenos2022_PMhigh_up	EIF3L	up in PM_high vs PM_low (Suppl Data 5)
Lenos2022_PMhigh_up	MEA1	up in PM_high vs PM_low (Suppl Data 5)
Lenos2022_PMhigh_up	WDR83OS	up in PM_high vs PM_low (Suppl Data 5)
Lenos2022_PMhigh_up	MRPS28	up in PM_high vs PM_low (Suppl Data 5)
Lenos2022_PMhigh_up	ATIC	up in PM_high vs PM_low (Suppl Data 5)
Lenos2022_PMhigh_up	SNX11	up in PM_high vs PM_low (Suppl Data 5)
Lenos2022_PMhigh_up	QRICH1	up in PM_high vs PM_low (Suppl Data 5)
Lenos2022_PMhigh_up	GLRX5	up in PM_high vs PM_low (Suppl Data 5)
Lenos2022_PMhigh_up	C16ORF59	up in PM_high vs PM_low (Suppl Data 5)
Lenos2022_PMhigh_up	PARN	up in PM_high vs PM_low (Suppl Data 5)
Lenos2022_PMhigh_up	RPUSD4	up in PM_high vs PM_low (Suppl Data 5)
Lenos2022_PMhigh_up	CREB3	up in PM_high vs PM_low (Suppl Data 5)
Lenos2022_PMhigh_up	ATP5G2	up in PM_high vs PM_low (Suppl Data 5)
Lenos2022_PMhigh_up	LRRC20	up in PM_high vs PM_low (Suppl Data 5)
Lenos2022_PMhigh_up	ZCCHC3	up in PM_high vs PM_low (Suppl Data 5)
Lenos2022_PMhigh_up	COMMD8	up in PM_high vs PM_low (Suppl Data 5)
Lenos2022_PMhigh_up	AMPD2	up in PM_high vs PM_low (Suppl Data 5)
Lenos2022_PMhigh_up	KXD1	up in PM_high vs PM_low (Suppl Data 5)
Lenos2022_PMhigh_up	EXOC2	up in PM_high vs PM_low (Suppl Data 5)
Lenos2022_PMhigh_up	NDUFB10	up in PM_high vs PM_low (Suppl Data 5)
Lenos2022_PMhigh_up	XPR1	up in PM_high vs PM_low (Suppl Data 5)
Lenos2022_PMhigh_up	PSMD6	up in PM_high vs PM_low (Suppl Data 5)
Lenos2022_PMhigh_up	HMGXB4	up in PM_high vs PM_low (Suppl Data 5)
Lenos2022_PMhigh_up	YIF1B	up in PM_high vs PM_low (Suppl Data 5)
Lenos2022_PMhigh_up	ALG8	up in PM_high vs PM_low (Suppl Data 5)
Lenos2022_PMhigh_up	GNG5	up in PM_high vs PM_low (Suppl Data 5)
Lenos2022_PMhigh_up	ERAL1	up in PM_high vs PM_low (Suppl Data 5)
Lenos2022_PMhigh_up	EFTUD2	up in PM_high vs PM_low (Suppl Data 5)
Lenos2022_PMhigh_up	PPIL1	up in PM_high vs PM_low (Suppl Data 5)
Lenos2022_PMhigh_up	DLGAP5	up in PM_high vs PM_low (Suppl Data 5)
Lenos2022_PMhigh_up	ST13	up in PM_high vs PM_low (Suppl Data 5)
Lenos2022_PMhigh_up	EIF3F	up in PM_high vs PM_low (Suppl Data 5)
Lenos2022_PMhigh_up	SRSF4	up in PM_high vs PM_low (Suppl Data 5)
Lenos2022_PMhigh_up	PIGG	up in PM_high vs PM_low (Suppl Data 5)
Lenos2022_PMhigh_up	CEP78	up in PM_high vs PM_low (Suppl Data 5)
Lenos2022_PMhigh_up	HMGN1	up in PM_high vs PM_low (Suppl Data 5)
Lenos2022_PMhigh_up	TOR1A	up in PM_high vs PM_low (Suppl Data 5)
Lenos2022_PMhigh_up	ERC1	up in PM_high vs PM_low (Suppl Data 5)
Lenos2022_PMhigh_up	PSMD4	up in PM_high vs PM_low (Suppl Data 5)
Lenos2022_PMhigh_up	PPP4C	up in PM_high vs PM_low (Suppl Data 5)
Lenos2022_PMhigh_up	ADPRHL2	up in PM_high vs PM_low (Suppl Data 5)
Lenos2022_PMhigh_up	DYNC1LI2	up in PM_high vs PM_low (Suppl Data 5)
Lenos2022_PMhigh_up	TIMMDC1	up in PM_high vs PM_low (Suppl Data 5)
Lenos2022_PMhigh_up	ZNF202	up in PM_high vs PM_low (Suppl Data 5)
Lenos2022_PMhigh_up	COA4	up in PM_high vs PM_low (Suppl Data 5)
Lenos2022_PMhigh_up	PHTF2	up in PM_high vs PM_low (Suppl Data 5)
Lenos2022_PMhigh_up	PSMB3	up in PM_high vs PM_low (Suppl Data 5)
Lenos2022_PMhigh_up	TARDBP	up in PM_high vs PM_low (Suppl Data 5)
Lenos2022_PMhigh_up	EIF3I	up in PM_high vs PM_low (Suppl Data 5)
Lenos2022_PMhigh_up	SRRM1	up in PM_high vs PM_low (Suppl Data 5)
Lenos2022_PMhigh_up	SNRPA	up in PM_high vs PM_low (Suppl Data 5)
Lenos2022_PMhigh_up	MRPL14	up in PM_high vs PM_low (Suppl Data 5)
Lenos2022_PMhigh_up	ZNF207	up in PM_high vs PM_low (Suppl Data 5)
Lenos2022_PMhigh_up	KAT5	up in PM_high vs PM_low (Suppl Data 5)
Lenos2022_PMhigh_up	AIDA	up in PM_high vs PM_low (Suppl Data 5)
Lenos2022_PMhigh_up	TRIP12	up in PM_high vs PM_low (Suppl Data 5)
Lenos2022_PMhigh_up	USP22	up in PM_high vs PM_low (Suppl Data 5)
Lenos2022_PMhigh_up	KHDRBS1	up in PM_high vs PM_low (Suppl Data 5)
Lenos2022_PMhigh_up	ILF2	up in PM_high vs PM_low (Suppl Data 5)
Lenos2022_PMhigh_up	NDUFB4	up in PM_high vs PM_low (Suppl Data 5)
Lenos2022_PMhigh_up	VPS25	up in PM_high vs PM_low (Suppl Data 5)
Lenos2022_PMhigh_up	WDR6	up in PM_high vs PM_low (Suppl Data 5)
Lenos2022_PMhigh_up	JAGN1	up in PM_high vs PM_low (Suppl Data 5)
Lenos2022_PMhigh_up	DHX15	up in PM_high vs PM_low (Suppl Data 5)
Lenos2022_PMhigh_up	PSMA1	up in PM_high vs PM_low (Suppl Data 5)
Lenos2022_PMhigh_up	FBXO7	up in PM_high vs PM_low (Suppl Data 5)
Lenos2022_PMhigh_up	PSMG2	up in PM_high vs PM_low (Suppl Data 5)
Lenos2022_PMhigh_up	PPP2R5D	up in PM_high vs PM_low (Suppl Data 5)
Lenos2022_PMhigh_up	STX18	up in PM_high vs PM_low (Suppl Data 5)
Lenos2022_PMhigh_up	LZTR1	up in PM_high vs PM_low (Suppl Data 5)
Yu2025_PM_malignant	MMP7	markers of PM malignant/CA-like clusters (mmc5)
Yu2025_PM_malignant	S100A4	markers of PM malignant/CA-like clusters (mmc5)
Yu2025_PM_malignant	IFITM1	markers of PM malignant/CA-like clusters (mmc5)
Yu2025_PM_malignant	MTRNR2L1	markers of PM malignant/CA-like clusters (mmc5)
Yu2025_PM_malignant	ADIRF	markers of PM malignant/CA-like clusters (mmc5)
Yu2025_PM_malignant	MIF	markers of PM malignant/CA-like clusters (mmc5)
Yu2025_PM_malignant	TMSB4XP4	markers of PM malignant/CA-like clusters (mmc5)
Yu2025_PM_malignant	TMSB4X	markers of PM malignant/CA-like clusters (mmc5)
Yu2025_PM_malignant	TFF1	markers of PM malignant/CA-like clusters (mmc5)
Yu2025_PM_malignant	ISG15	markers of PM malignant/CA-like clusters (mmc5)
Yu2025_PM_malignant	IFI27	markers of PM malignant/CA-like clusters (mmc5)
Yu2025_PM_malignant	COX6A1	markers of PM malignant/CA-like clusters (mmc5)
Yu2025_PM_malignant	ROMO1	markers of PM malignant/CA-like clusters (mmc5)
Yu2025_PM_malignant	IFITM3	markers of PM malignant/CA-like clusters (mmc5)
Yu2025_PM_malignant	MDK	markers of PM malignant/CA-like clusters (mmc5)
Yu2025_PM_malignant	PHLDA2	markers of PM malignant/CA-like clusters (mmc5)
Yu2025_PM_malignant	CEACAM6	markers of PM malignant/CA-like clusters (mmc5)
Yu2025_PM_malignant	CXCL1	markers of PM malignant/CA-like clusters (mmc5)
Yu2025_PM_malignant	IFI6	markers of PM malignant/CA-like clusters (mmc5)
Yu2025_PM_malignant	TCEB2	markers of PM malignant/CA-like clusters (mmc5)
Yu2025_PM_malignant	UQCRQ	markers of PM malignant/CA-like clusters (mmc5)
Yu2025_PM_malignant	POLR2L	markers of PM malignant/CA-like clusters (mmc5)
Yu2025_PM_malignant	OCIAD2	markers of PM malignant/CA-like clusters (mmc5)
Yu2025_PM_malignant	SLPI	markers of PM malignant/CA-like clusters (mmc5)
Yu2025_PM_malignant	UQCR11	markers of PM malignant/CA-like clusters (mmc5)
Yu2025_PM_malignant	HSPB1	markers of PM malignant/CA-like clusters (mmc5)
Yu2025_PM_malignant	NDUFA4	markers of PM malignant/CA-like clusters (mmc5)
Yu2025_PM_malignant	FXYD3	markers of PM malignant/CA-like clusters (mmc5)
Yu2025_PM_malignant	MT-TW	markers of PM malignant/CA-like clusters (mmc5)
Yu2025_PM_malignant	TFF3	markers of PM malignant/CA-like clusters (mmc5)
Yu2025_PM_malignant	IL32	markers of PM malignant/CA-like clusters (mmc5)
Yu2025_PM_malignant	C4orf48	markers of PM malignant/CA-like clusters (mmc5)
Yu2025_PM_malignant	TMEM258	markers of PM malignant/CA-like clusters (mmc5)
Yu2025_PM_malignant	ANXA2	markers of PM malignant/CA-like clusters (mmc5)
Yu2025_PM_malignant	GSTP1	markers of PM malignant/CA-like clusters (mmc5)
Yu2025_PM_malignant	SEC61G	markers of PM malignant/CA-like clusters (mmc5)
Yu2025_PM_malignant	NDUFB2	markers of PM malignant/CA-like clusters (mmc5)
Yu2025_PM_malignant	SHFM1	markers of PM malignant/CA-like clusters (mmc5)
Yu2025_PM_malignant	POMP	markers of PM malignant/CA-like clusters (mmc5)
Yu2025_PM_malignant	COX7B	markers of PM malignant/CA-like clusters (mmc5)
Yu2025_PM_malignant	OST4	markers of PM malignant/CA-like clusters (mmc5)
Yu2025_PM_malignant	S100A6	markers of PM malignant/CA-like clusters (mmc5)
Yu2025_PM_malignant	MGST3	markers of PM malignant/CA-like clusters (mmc5)
Yu2025_PM_malignant	ANXA1	markers of PM malignant/CA-like clusters (mmc5)
Yu2025_PM_malignant	S100P	markers of PM malignant/CA-like clusters (mmc5)
Yu2025_PM_malignant	MT-TV	markers of PM malignant/CA-like clusters (mmc5)
Yu2025_PM_malignant	COX7A2	markers of PM malignant/CA-like clusters (mmc5)
Yu2025_PM_malignant	ATP5J2	markers of PM malignant/CA-like clusters (mmc5)
Yu2025_PM_malignant	TXN	markers of PM malignant/CA-like clusters (mmc5)
Yu2025_PM_malignant	LDHA	markers of PM malignant/CA-like clusters (mmc5)
Yu2025_PM_malignant	TSPAN8	markers of PM malignant/CA-like clusters (mmc5)
Yu2025_PM_malignant	SKP1	markers of PM malignant/CA-like clusters (mmc5)
Yu2025_PM_malignant	UBL5	markers of PM malignant/CA-like clusters (mmc5)
Yu2025_PM_malignant	FABP1	markers of PM malignant/CA-like clusters (mmc5)
Yu2025_PM_malignant	CFL1	markers of PM malignant/CA-like clusters (mmc5)
Yu2025_PM_malignant	HSBP1	markers of PM malignant/CA-like clusters (mmc5)
Yu2025_PM_malignant	SPINK1	markers of PM malignant/CA-like clusters (mmc5)
Yu2025_PM_malignant	NDUFB6	markers of PM malignant/CA-like clusters (mmc5)
Yu2025_PM_malignant	SNRPG	markers of PM malignant/CA-like clusters (mmc5)
Yu2025_PM_malignant	PRDX5	markers of PM malignant/CA-like clusters (mmc5)
Yu2025_PM_malignant	MT-TI	markers of PM malignant/CA-like clusters (mmc5)
Yu2025_PM_malignant	TCEB1	markers of PM malignant/CA-like clusters (mmc5)
Yu2025_PM_malignant	CXCL3	markers of PM malignant/CA-like clusters (mmc5)
Yu2025_PM_malignant	S100A11	markers of PM malignant/CA-like clusters (mmc5)
Yu2025_PM_malignant	C19orf33	markers of PM malignant/CA-like clusters (mmc5)
Yu2025_PM_malignant	LYZ	markers of PM malignant/CA-like clusters (mmc5)
Yu2025_PM_malignant	SEC61B	markers of PM malignant/CA-like clusters (mmc5)
Yu2025_PM_malignant	COX6C	markers of PM malignant/CA-like clusters (mmc5)
Yu2025_PM_malignant	NDUFA12	markers of PM malignant/CA-like clusters (mmc5)
Yu2025_PM_malignant	HSPE1	markers of PM malignant/CA-like clusters (mmc5)
Yu2025_PM_malignant	C12orf75	markers of PM malignant/CA-like clusters (mmc5)
Yu2025_PM_malignant	RPL23A	markers of PM malignant/CA-like clusters (mmc5)
Yu2025_PM_malignant	SMIM22	markers of PM malignant/CA-like clusters (mmc5)
Yu2025_PM_malignant	DBI	markers of PM malignant/CA-like clusters (mmc5)
Yu2025_PM_malignant	C4orf3	markers of PM malignant/CA-like clusters (mmc5)
Yu2025_PM_malignant	RPL7P9	markers of PM malignant/CA-like clusters (mmc5)
Yu2025_PM_malignant	USMG5	markers of PM malignant/CA-like clusters (mmc5)
Yu2025_PM_malignant	COX8A	markers of PM malignant/CA-like clusters (mmc5)
Yu2025_PM_malignant	PRSS3	markers of PM malignant/CA-like clusters (mmc5)
Yu2025_PM_malignant	CLIC1	markers of PM malignant/CA-like clusters (mmc5)
Yu2025_PM_malignant	H3F3B	markers of PM malignant/CA-like clusters (mmc5)
Yu2025_PM_malignant	FAU	markers of PM malignant/CA-like clusters (mmc5)
Yu2025_PM_malignant	TMEM141	markers of PM malignant/CA-like clusters (mmc5)
Yu2025_PM_malignant	NDUFB3	markers of PM malignant/CA-like clusters (mmc5)
Yu2025_PM_malignant	SLIRP	markers of PM malignant/CA-like clusters (mmc5)
Yu2025_PM_malignant	MGST2	markers of PM malignant/CA-like clusters (mmc5)
Yu2025_PM_malignant	ATP5E	markers of PM malignant/CA-like clusters (mmc5)
Yu2025_PM_malignant	CALM2	markers of PM malignant/CA-like clusters (mmc5)
Yu2025_PM_malignant	RPL41	markers of PM malignant/CA-like clusters (mmc5)
Yu2025_PM_malignant	NQO1	markers of PM malignant/CA-like clusters (mmc5)
Yu2025_PM_malignant	SAT1	markers of PM malignant/CA-like clusters (mmc5)
Yu2025_PM_malignant	DNAJC15	markers of PM malignant/CA-like clusters (mmc5)
Yu2025_PM_malignant	ANAPC11	markers of PM malignant/CA-like clusters (mmc5)
Yu2025_PM_malignant	MT-TM	markers of PM malignant/CA-like clusters (mmc5)
Yu2025_PM_malignant	PET100	markers of PM malignant/CA-like clusters (mmc5)
Yu2025_PM_malignant	COX17	markers of PM malignant/CA-like clusters (mmc5)
Yu2025_PM_malignant	NDUFA6	markers of PM malignant/CA-like clusters (mmc5)
Yu2025_PM_malignant	COMMD6	markers of PM malignant/CA-like clusters (mmc5)
Yu2025_PM_malignant	RPL23AP42	markers of PM malignant/CA-like clusters (mmc5)
Yu2025_PM_malignant	SNRPE	markers of PM malignant/CA-like clusters (mmc5)
Yu2025_PM_malignant	ATP5L	markers of PM malignant/CA-like clusters (mmc5)
Yu2025_PM_malignant	CAPG	markers of PM malignant/CA-like clusters (mmc5)
Yu2025_PM_malignant	GUK1	markers of PM malignant/CA-like clusters (mmc5)
Yu2025_PM_malignant	PSMA7	markers of PM malignant/CA-like clusters (mmc5)
Yu2025_PM_malignant	CEACAM5	markers of PM malignant/CA-like clusters (mmc5)
Yu2025_PM_malignant	ATP5I	markers of PM malignant/CA-like clusters (mmc5)
Yu2025_PM_malignant	NOP10	markers of PM malignant/CA-like clusters (mmc5)
Yu2025_PM_malignant	VAMP8	markers of PM malignant/CA-like clusters (mmc5)
Yu2025_PM_malignant	PSMB3	markers of PM malignant/CA-like clusters (mmc5)
Yu2025_PM_malignant	PPA1	markers of PM malignant/CA-like clusters (mmc5)
Yu2025_PM_malignant	NDUFA1	markers of PM malignant/CA-like clusters (mmc5)
Yu2025_PM_malignant	TXNIP	markers of PM malignant/CA-like clusters (mmc5)
Yu2025_PM_malignant	UQCR10	markers of PM malignant/CA-like clusters (mmc5)
Yu2025_PM_malignant	LAMTOR4	markers of PM malignant/CA-like clusters (mmc5)
Yu2025_PM_malignant	TSC22D1	markers of PM malignant/CA-like clusters (mmc5)
Yu2025_PM_malignant	IFITM2	markers of PM malignant/CA-like clusters (mmc5)
Yu2025_PM_malignant	COX5B	markers of PM malignant/CA-like clusters (mmc5)
Yu2025_PM_malignant	ZFAS1	markers of PM malignant/CA-like clusters (mmc5)
Yu2025_PM_malignant	KRT19	markers of PM malignant/CA-like clusters (mmc5)
Yu2025_PM_malignant	COX4I1	markers of PM malignant/CA-like clusters (mmc5)
Yu2025_PM_malignant	ZNF706	markers of PM malignant/CA-like clusters (mmc5)
Yu2025_PM_malignant	SERF2	markers of PM malignant/CA-like clusters (mmc5)
Yu2025_PM_malignant	MT-TE	markers of PM malignant/CA-like clusters (mmc5)
Yu2025_PM_malignant	TRMT112	markers of PM malignant/CA-like clusters (mmc5)
Yu2025_PM_malignant	SRI	markers of PM malignant/CA-like clusters (mmc5)
Yu2025_PM_malignant	ATP5J	markers of PM malignant/CA-like clusters (mmc5)
Yu2025_PM_malignant	MYDGF	markers of PM malignant/CA-like clusters (mmc5)
Yu2025_PM_malignant	RPL7	markers of PM malignant/CA-like clusters (mmc5)
Yu2025_PM_malignant	H2AFZ	markers of PM malignant/CA-like clusters (mmc5)
Yu2025_PM_malignant	LSM7	markers of PM malignant/CA-like clusters (mmc5)
Yu2025_PM_malignant	NDUFAB1	markers of PM malignant/CA-like clusters (mmc5)
Yu2025_PM_malignant	ATP6V1G1	markers of PM malignant/CA-like clusters (mmc5)
Yu2025_PM_malignant	NDUFC1	markers of PM malignant/CA-like clusters (mmc5)
Yu2025_PM_malignant	SSBP1	markers of PM malignant/CA-like clusters (mmc5)
Yu2025_PM_malignant	ATP5C1	markers of PM malignant/CA-like clusters (mmc5)
Yu2025_PM_malignant	PGK1	markers of PM malignant/CA-like clusters (mmc5)
Yu2025_PM_malignant	LAMTOR5	markers of PM malignant/CA-like clusters (mmc5)
Yu2025_PM_malignant	FTH1	markers of PM malignant/CA-like clusters (mmc5)
Yu2025_PM_malignant	RPS26	markers of PM malignant/CA-like clusters (mmc5)
Yu2025_PM_malignant	EIF6	markers of PM malignant/CA-like clusters (mmc5)
Yu2025_PM_malignant	RPL38	markers of PM malignant/CA-like clusters (mmc5)
Yu2025_PM_malignant	NDUFA13	markers of PM malignant/CA-like clusters (mmc5)
Yu2025_PM_malignant	SNU13	markers of PM malignant/CA-like clusters (mmc5)
Yu2025_PM_malignant	COX7C	markers of PM malignant/CA-like clusters (mmc5)
Yu2025_PM_malignant	GPX2	markers of PM malignant/CA-like clusters (mmc5)
Yu2025_PM_malignant	SNRPD2	markers of PM malignant/CA-like clusters (mmc5)
Yu2025_PM_malignant	HINT1	markers of PM malignant/CA-like clusters (mmc5)
Yu2025_PM_malignant	TMA7	markers of PM malignant/CA-like clusters (mmc5)
Yu2025_PM_malignant	AC007969.5	markers of PM malignant/CA-like clusters (mmc5)
Yu2025_PM_malignant	NDUFC2	markers of PM malignant/CA-like clusters (mmc5)
Yu2025_PM_malignant	CYSTM1	markers of PM malignant/CA-like clusters (mmc5)
Yu2025_PM_malignant	SAP18	markers of PM malignant/CA-like clusters (mmc5)
Yu2025_PM_malignant	CD55	markers of PM malignant/CA-like clusters (mmc5)
Yu2025_PM_malignant	PSME2	markers of PM malignant/CA-like clusters (mmc5)
Yu2025_PM_malignant	SRP9	markers of PM malignant/CA-like clusters (mmc5)
Yu2025_PM_malignant	MYL6	markers of PM malignant/CA-like clusters (mmc5)
Yu2025_PM_malignant	RPL35	markers of PM malignant/CA-like clusters (mmc5)
Yu2025_PM_malignant	DNAJA1	markers of PM malignant/CA-like clusters (mmc5)
Yu2025_PM_malignant	MT-TL1	markers of PM malignant/CA-like clusters (mmc5)
Yu2025_PM_malignant	MAP1LC3B	markers of PM malignant/CA-like clusters (mmc5)
Yu2025_PM_malignant	GPX4	markers of PM malignant/CA-like clusters (mmc5)
Yu2025_PM_malignant	RPL27	markers of PM malignant/CA-like clusters (mmc5)
Yu2025_PM_malignant	TMEM176B	markers of PM malignant/CA-like clusters (mmc5)
Yu2025_PM_malignant	DYNLL1	markers of PM malignant/CA-like clusters (mmc5)
Yu2025_PM_malignant	PRDX2	markers of PM malignant/CA-like clusters (mmc5)
Yu2025_PM_malignant	ARPC5	markers of PM malignant/CA-like clusters (mmc5)
Yu2025_PM_malignant	RPS13	markers of PM malignant/CA-like clusters (mmc5)
Yu2025_PM_malignant	ATP6V0E1	markers of PM malignant/CA-like clusters (mmc5)
Yu2025_PM_malignant	SF3B6	markers of PM malignant/CA-like clusters (mmc5)
Yu2025_PM_malignant	DAD1	markers of PM malignant/CA-like clusters (mmc5)
Yu2025_PM_malignant	MINOS1	markers of PM malignant/CA-like clusters (mmc5)
Yu2025_PM_malignant	ARPC3	markers of PM malignant/CA-like clusters (mmc5)
Yu2025_PM_malignant	CHCHD2	markers of PM malignant/CA-like clusters (mmc5)
Yu2025_PM_malignant	SNRPF	markers of PM malignant/CA-like clusters (mmc5)
Yu2025_PM_malignant	NDUFA3	markers of PM malignant/CA-like clusters (mmc5)
Yu2025_PM_malignant	RAN	markers of PM malignant/CA-like clusters (mmc5)
Yu2025_PM_malignant	NDUFS6	markers of PM malignant/CA-like clusters (mmc5)
Yu2025_PM_malignant	CLDN4	markers of PM malignant/CA-like clusters (mmc5)
Yu2025_PM_malignant	SUB1	markers of PM malignant/CA-like clusters (mmc5)
Yu2025_PM_malignant	MPC2	markers of PM malignant/CA-like clusters (mmc5)
Yu2025_PM_malignant	TMSB10	markers of PM malignant/CA-like clusters (mmc5)
Yu2025_PM_malignant	PRR13	markers of PM malignant/CA-like clusters (mmc5)
Yu2025_PM_malignant	ATP5G2	markers of PM malignant/CA-like clusters (mmc5)
Yu2025_PM_malignant	COX6B1	markers of PM malignant/CA-like clusters (mmc5)
Yu2025_PM_malignant	RPS25	markers of PM malignant/CA-like clusters (mmc5)
Yu2025_PM_malignant	ATP5H	markers of PM malignant/CA-like clusters (mmc5)
Yu2025_PM_malignant	SLC25A5	markers of PM malignant/CA-like clusters (mmc5)
Yu2025_PM_malignant	RPL36	markers of PM malignant/CA-like clusters (mmc5)
Yu2025_PM_malignant	SEPW1	markers of PM malignant/CA-like clusters (mmc5)
Yu2025_PM_malignant	MYL12A	markers of PM malignant/CA-like clusters (mmc5)
Yu2025_PM_malignant	C14orf2	markers of PM malignant/CA-like clusters (mmc5)
Yu2025_PM_malignant	S100A10	markers of PM malignant/CA-like clusters (mmc5)
Yu2025_PM_malignant	HMGB1	markers of PM malignant/CA-like clusters (mmc5)
Yu2025_PM_malignant	ARPC1B	markers of PM malignant/CA-like clusters (mmc5)
Yu2025_PM_malignant	DDIT4	markers of PM malignant/CA-like clusters (mmc5)
Yu2025_PM_malignant	ALDOA	markers of PM malignant/CA-like clusters (mmc5)
Yu2025_PM_malignant	RPL21	markers of PM malignant/CA-like clusters (mmc5)
Yu2025_PM_malignant	MT-RNR2	markers of PM malignant/CA-like clusters (mmc5)
Yu2025_PM_malignant	PFN1	markers of PM malignant/CA-like clusters (mmc5)
Yu2025_PM_malignant	TPI1	markers of PM malignant/CA-like clusters (mmc5)
Yu2025_PM_malignant	CSTB	markers of PM malignant/CA-like clusters (mmc5)
Yu2025_PM_malignant	PRDX1	markers of PM malignant/CA-like clusters (mmc5)
Yu2025_PM_malignant	TXNDC17	markers of PM malignant/CA-like clusters (mmc5)
Yu2025_PM_malignant	DYNLRB1	markers of PM malignant/CA-like clusters (mmc5)
Yu2025_PM_malignant	MT-RNR1	markers of PM malignant/CA-like clusters (mmc5)
Yu2025_PM_malignant	HSPA8	markers of PM malignant/CA-like clusters (mmc5)
Yu2025_PM_malignant	PFDN5	markers of PM malignant/CA-like clusters (mmc5)
Yu2025_PM_malignant	MT-TP	markers of PM malignant/CA-like clusters (mmc5)
Yu2025_PM_malignant	UQCRB	markers of PM malignant/CA-like clusters (mmc5)
Yu2025_PM_malignant	RPS7	markers of PM malignant/CA-like clusters (mmc5)
Yu2025_PM_malignant	EIF2S2	markers of PM malignant/CA-like clusters (mmc5)
Yu2025_PM_malignant	CYCS	markers of PM malignant/CA-like clusters (mmc5)
Yu2025_PM_malignant	NDUFB4	markers of PM malignant/CA-like clusters (mmc5)
Yu2025_PM_malignant	PPIA	markers of PM malignant/CA-like clusters (mmc5)
Yu2025_PM_malignant	CD46	markers of PM malignant/CA-like clusters (mmc5)
Yu2025_PM_malignant	ARPC2	markers of PM malignant/CA-like clusters (mmc5)
Yu2025_PM_malignant	KRT18	markers of PM malignant/CA-like clusters (mmc5)
Yu2025_PM_malignant	RAC1	markers of PM malignant/CA-like clusters (mmc5)
Yu2025_PM_malignant	TIMP1	markers of PM malignant/CA-like clusters (mmc5)
Yu2025_PM_malignant	TGFBI	markers of PM malignant/CA-like clusters (mmc5)
Yu2025_PM_malignant	RPS15	markers of PM malignant/CA-like clusters (mmc5)
Yu2025_PM_malignant	SNHG8	markers of PM malignant/CA-like clusters (mmc5)
Yu2025_PM_malignant	CD9	markers of PM malignant/CA-like clusters (mmc5)
Yu2025_PM_malignant	RPL39	markers of PM malignant/CA-like clusters (mmc5)
Yu2025_PM_malignant	SRP14	markers of PM malignant/CA-like clusters (mmc5)
Yu2025_PM_malignant	RP11-543P15.1	markers of PM malignant/CA-like clusters (mmc5)
Yu2025_PM_malignant	KRT20	markers of PM malignant/CA-like clusters (mmc5)
Yu2025_PM_malignant	NDUFB9	markers of PM malignant/CA-like clusters (mmc5)
Yu2025_PM_malignant	NDUFB7	markers of PM malignant/CA-like clusters (mmc5)
Yu2025_PM_malignant	RPS21	markers of PM malignant/CA-like clusters (mmc5)
Yu2025_PM_malignant	NDUFB1	markers of PM malignant/CA-like clusters (mmc5)
Yu2025_PM_malignant	RPL9P9	markers of PM malignant/CA-like clusters (mmc5)
Yu2025_PM_malignant	GAS5	markers of PM malignant/CA-like clusters (mmc5)
Yu2025_PM_malignant	ATP5O	markers of PM malignant/CA-like clusters (mmc5)
Yu2025_PM_malignant	GNG5	markers of PM malignant/CA-like clusters (mmc5)
Yu2025_PM_malignant	TOMM7	markers of PM malignant/CA-like clusters (mmc5)
Yu2025_PM_malignant	RP11-466H18.1	markers of PM malignant/CA-like clusters (mmc5)
Yu2025_PM_malignant	RPL18A	markers of PM malignant/CA-like clusters (mmc5)
Yu2025_PM_malignant	BTF3	markers of PM malignant/CA-like clusters (mmc5)
Yu2025_PM_malignant	EIF1	markers of PM malignant/CA-like clusters (mmc5)
Yu2025_PM_malignant	KRT8	markers of PM malignant/CA-like clusters (mmc5)
Yu2025_PM_malignant	CALM1	markers of PM malignant/CA-like clusters (mmc5)
Yu2025_PM_malignant	MTATP6P1	markers of PM malignant/CA-like clusters (mmc5)
Yu2025_PM_malignant	UBB	markers of PM malignant/CA-like clusters (mmc5)
Yu2025_PM_malignant	MYL12B	markers of PM malignant/CA-like clusters (mmc5)
Yu2025_PM_malignant	RPL36A	markers of PM malignant/CA-like clusters (mmc5)
Yu2025_PM_malignant	RPLP0	markers of PM malignant/CA-like clusters (mmc5)
Yu2025_PM_malignant	CIB1	markers of PM malignant/CA-like clusters (mmc5)
Yu2025_PM_malignant	LAPTM4A	markers of PM malignant/CA-like clusters (mmc5)
Yu2025_PM_malignant	DNAJB1	markers of PM malignant/CA-like clusters (mmc5)
Yu2025_PM_malignant	ATPIF1	markers of PM malignant/CA-like clusters (mmc5)
Yu2025_PM_malignant	HES1	markers of PM malignant/CA-like clusters (mmc5)
Yu2025_PM_malignant	OAZ1	markers of PM malignant/CA-like clusters (mmc5)
Yu2025_PM_malignant	RPL13P12	markers of PM malignant/CA-like clusters (mmc5)
Yu2025_PM_malignant	ATP5G1	markers of PM malignant/CA-like clusters (mmc5)
Yu2025_PM_malignant	SOD1	markers of PM malignant/CA-like clusters (mmc5)
Yu2025_PM_malignant	RPL36AL	markers of PM malignant/CA-like clusters (mmc5)
Yu2025_PM_malignant	CTSD	markers of PM malignant/CA-like clusters (mmc5)
Yu2025_PM_malignant	LGALS3	markers of PM malignant/CA-like clusters (mmc5)
Yu2025_PM_malignant	RPS14	markers of PM malignant/CA-like clusters (mmc5)
Yu2025_PM_malignant	TMBIM6	markers of PM malignant/CA-like clusters (mmc5)
Yu2025_PM_malignant	UBA52	markers of PM malignant/CA-like clusters (mmc5)
Yu2025_PM_malignant	AGR2	markers of PM malignant/CA-like clusters (mmc5)
Yu2025_PM_malignant	UBC	markers of PM malignant/CA-like clusters (mmc5)
Yu2025_PM_malignant	TM4SF1	markers of PM malignant/CA-like clusters (mmc5)
Yu2025_PM_malignant	RPL9	markers of PM malignant/CA-like clusters (mmc5)
Yu2025_PM_malignant	SSR4	markers of PM malignant/CA-like clusters (mmc5)
Yu2025_PM_malignant	RPS27A	markers of PM malignant/CA-like clusters (mmc5)
Yu2025_PM_malignant	RPL8	markers of PM malignant/CA-like clusters (mmc5)
Yu2025_PM_malignant	EPCAM	markers of PM malignant/CA-like clusters (mmc5)
Yu2025_PM_malignant	VDAC1	markers of PM malignant/CA-like clusters (mmc5)
Yu2025_PM_malignant	CTSB	markers of PM malignant/CA-like clusters (mmc5)
Yu2025_PM_malignant	EDF1	markers of PM malignant/CA-like clusters (mmc5)
Yu2025_PM_malignant	RPL19	markers of PM malignant/CA-like clusters (mmc5)
Yu2025_PM_malignant	RPS27L	markers of PM malignant/CA-like clusters (mmc5)
Yu2025_PM_malignant	DUSP1	markers of PM malignant/CA-like clusters (mmc5)
Yu2025_PM_malignant	CD63	markers of PM malignant/CA-like clusters (mmc5)
Yu2025_PM_malignant	RPLP2	markers of PM malignant/CA-like clusters (mmc5)
Yu2025_PM_malignant	SPINT2	markers of PM malignant/CA-like clusters (mmc5)
Yu2025_PM_malignant	MT-ND4L	markers of PM malignant/CA-like clusters (mmc5)
Yu2025_PM_malignant	TSPO	markers of PM malignant/CA-like clusters (mmc5)
Yu2025_PM_malignant	TSPAN3	markers of PM malignant/CA-like clusters (mmc5)
Yu2025_PM_malignant	RPS15A	markers of PM malignant/CA-like clusters (mmc5)
Yu2025_PM_malignant	SH3BGRL3	markers of PM malignant/CA-like clusters (mmc5)
Yu2025_PM_malignant	KLF6	markers of PM malignant/CA-like clusters (mmc5)
Yu2025_PM_malignant	PERP	markers of PM malignant/CA-like clusters (mmc5)
Yu2025_PM_malignant	HSPA5	markers of PM malignant/CA-like clusters (mmc5)
Yu2025_PM_malignant	CLDN3	markers of PM malignant/CA-like clusters (mmc5)
Yu2025_PM_malignant	RPL37A	markers of PM malignant/CA-like clusters (mmc5)
Yu2025_PM_malignant	GPRC5A	markers of PM malignant/CA-like clusters (mmc5)
Yu2025_PM_malignant	RPL10A	markers of PM malignant/CA-like clusters (mmc5)
Yu2025_PM_malignant	LMO7	markers of PM malignant/CA-like clusters (mmc5)
Yu2025_PM_malignant	ECM1	markers of PM malignant/CA-like clusters (mmc5)
Yu2025_PM_malignant	S100A2	markers of PM malignant/CA-like clusters (mmc5)
Yu2025_PM_malignant	HSPH1	markers of PM malignant/CA-like clusters (mmc5)
Yu2025_PM_malignant	LAMB3	markers of PM malignant/CA-like clusters (mmc5)
Yu2025_PM_malignant	TIMP2	markers of PM malignant/CA-like clusters (mmc5)
Yu2025_PM_malignant	EZR	markers of PM malignant/CA-like clusters (mmc5)
Yu2025_PM_malignant	EPS8L1	markers of PM malignant/CA-like clusters (mmc5)
Yu2025_PM_malignant	NDRG1	markers of PM malignant/CA-like clusters (mmc5)
Yu2025_PM_malignant	TMBIM1	markers of PM malignant/CA-like clusters (mmc5)
Yu2025_PM_malignant	KRT17	markers of PM malignant/CA-like clusters (mmc5)
Yu2025_PM_malignant	IRS2	markers of PM malignant/CA-like clusters (mmc5)
Yu2025_PM_malignant	LAMC2	markers of PM malignant/CA-like clusters (mmc5)
Yu2025_PM_malignant	RNF103	markers of PM malignant/CA-like clusters (mmc5)
Yu2025_PM_malignant	RASA3	markers of PM malignant/CA-like clusters (mmc5)
Yu2025_PM_malignant	SCEL	markers of PM malignant/CA-like clusters (mmc5)
Yu2025_PM_malignant	ERRFI1	markers of PM malignant/CA-like clusters (mmc5)
Yu2025_PM_malignant	TPT1	markers of PM malignant/CA-like clusters (mmc5)
Yu2025_PM_malignant	ATG4B	markers of PM malignant/CA-like clusters (mmc5)
Yu2025_PM_malignant	RMND5A	markers of PM malignant/CA-like clusters (mmc5)
Yu2025_PM_malignant	SEMA3B	markers of PM malignant/CA-like clusters (mmc5)
Yu2025_PM_malignant	IER5	markers of PM malignant/CA-like clusters (mmc5)
Yu2025_PM_malignant	GULP1	markers of PM malignant/CA-like clusters (mmc5)
Yu2025_PM_malignant	KLK10	markers of PM malignant/CA-like clusters (mmc5)
Yu2025_PM_malignant	MXD1	markers of PM malignant/CA-like clusters (mmc5)
Yu2025_PM_malignant	EIF4A2	markers of PM malignant/CA-like clusters (mmc5)
Yu2025_PM_malignant	HEXIM1	markers of PM malignant/CA-like clusters (mmc5)
Yu2025_PM_malignant	CLK1	markers of PM malignant/CA-like clusters (mmc5)
Yu2025_PM_malignant	ATF3	markers of PM malignant/CA-like clusters (mmc5)
Yu2025_PM_malignant	MUC5AC	markers of PM malignant/CA-like clusters (mmc5)
Yu2025_PM_malignant	RNASET2	markers of PM malignant/CA-like clusters (mmc5)
Yu2025_PM_malignant	ANKRD10	markers of PM malignant/CA-like clusters (mmc5)
Yu2025_PM_malignant	CYP3A5	markers of PM malignant/CA-like clusters (mmc5)
Yu2025_PM_malignant	IFRD1	markers of PM malignant/CA-like clusters (mmc5)
Yu2025_PM_malignant	ZFAND5	markers of PM malignant/CA-like clusters (mmc5)
Yu2025_PM_malignant	SF3B1	markers of PM malignant/CA-like clusters (mmc5)
Yu2025_PM_malignant	SNX9	markers of PM malignant/CA-like clusters (mmc5)
Yu2025_PM_malignant	FAM46A	markers of PM malignant/CA-like clusters (mmc5)
Yu2025_PM_malignant	TMC6	markers of PM malignant/CA-like clusters (mmc5)
Yu2025_PM_malignant	MYO6	markers of PM malignant/CA-like clusters (mmc5)
Yu2025_PM_malignant	ZMYM2	markers of PM malignant/CA-like clusters (mmc5)
Yu2025_PM_malignant	SLC20A1	markers of PM malignant/CA-like clusters (mmc5)
Yu2025_PM_malignant	ARGLU1	markers of PM malignant/CA-like clusters (mmc5)
Yu2025_PM_malignant	FBXO32	markers of PM malignant/CA-like clusters (mmc5)
Yu2025_PM_malignant	TUBA4A	markers of PM malignant/CA-like clusters (mmc5)
Yu2025_PM_malignant	BRD2	markers of PM malignant/CA-like clusters (mmc5)
Yu2025_PM_malignant	BZW1	markers of PM malignant/CA-like clusters (mmc5)
Yu2025_PM_malignant	NEAT1	markers of PM malignant/CA-like clusters (mmc5)
Yu2025_PM_malignant	ATF4	markers of PM malignant/CA-like clusters (mmc5)
Yu2025_PM_malignant	CCNL2	markers of PM malignant/CA-like clusters (mmc5)
Yu2025_PM_malignant	CD59	markers of PM malignant/CA-like clusters (mmc5)
Yu2025_PM_malignant	GADD45B	markers of PM malignant/CA-like clusters (mmc5)
Yu2025_PM_malignant	TFF2	markers of PM malignant/CA-like clusters (mmc5)
Yu2025_PM_malignant	TAF7	markers of PM malignant/CA-like clusters (mmc5)
Yu2025_PM_malignant	CAPN8	markers of PM malignant/CA-like clusters (mmc5)
Yu2025_PM_malignant	DNAJB2	markers of PM malignant/CA-like clusters (mmc5)
Yu2025_PM_malignant	CAPN2	markers of PM malignant/CA-like clusters (mmc5)
Yu2025_PM_malignant	CD164	markers of PM malignant/CA-like clusters (mmc5)
Yu2025_PM_malignant	QSOX1	markers of PM malignant/CA-like clusters (mmc5)
Yu2025_PM_malignant	YPEL3	markers of PM malignant/CA-like clusters (mmc5)
Yu2025_PM_malignant	SERINC1	markers of PM malignant/CA-like clusters (mmc5)
Yu2025_PM_malignant	SNHG5	markers of PM malignant/CA-like clusters (mmc5)
Yu2025_PM_malignant	SBDS	markers of PM malignant/CA-like clusters (mmc5)
Yu2025_PM_malignant	TMEM106B	markers of PM malignant/CA-like clusters (mmc5)
Yu2025_PM_malignant	RPL4	markers of PM malignant/CA-like clusters (mmc5)
Yu2025_PM_malignant	HMGA1	markers of PM malignant/CA-like clusters (mmc5)
Yu2025_PM_malignant	PKP3	markers of PM malignant/CA-like clusters (mmc5)
Yu2025_PM_malignant	S100A13	markers of PM malignant/CA-like clusters (mmc5)
Yu2025_PM_malignant	ZMYND8	markers of PM malignant/CA-like clusters (mmc5)
Yu2025_PM_malignant	MPHOSPH8	markers of PM malignant/CA-like clusters (mmc5)
Yu2025_PM_malignant	WSB1	markers of PM malignant/CA-like clusters (mmc5)
Yu2025_PM_malignant	VEGFA	markers of PM malignant/CA-like clusters (mmc5)
Yu2025_PM_malignant	UBALD2	markers of PM malignant/CA-like clusters (mmc5)
Yu2025_PM_malignant	STK24	markers of PM malignant/CA-like clusters (mmc5)
Yu2025_PM_malignant	FLNB	markers of PM malignant/CA-like clusters (mmc5)
Yu2025_PM_malignant	KDM3A	markers of PM malignant/CA-like clusters (mmc5)
Yu2025_PM_malignant	SUN1	markers of PM malignant/CA-like clusters (mmc5)
Yu2025_PM_malignant	HSP90AB1	markers of PM malignant/CA-like clusters (mmc5)
Yu2025_PM_malignant	ADM	markers of PM malignant/CA-like clusters (mmc5)
Yu2025_PM_malignant	MGEA5	markers of PM malignant/CA-like clusters (mmc5)
Yu2025_PM_malignant	ITGB4	markers of PM malignant/CA-like clusters (mmc5)
Yu2025_PM_malignant	HSPA1B	markers of PM malignant/CA-like clusters (mmc5)
Yu2025_PM_malignant	TPD52L2	markers of PM malignant/CA-like clusters (mmc5)
Yu2025_PM_malignant	TSC22D3	markers of PM malignant/CA-like clusters (mmc5)
Yu2025_PM_malignant	SSFA2	markers of PM malignant/CA-like clusters (mmc5)
Yu2025_PM_malignant	CEACAM1	markers of PM malignant/CA-like clusters (mmc5)
Yu2025_PM_malignant	SQSTM1	markers of PM malignant/CA-like clusters (mmc5)
Yu2025_PM_malignant	LRRFIP1	markers of PM malignant/CA-like clusters (mmc5)
Yu2025_PM_malignant	F11R	markers of PM malignant/CA-like clusters (mmc5)
Yu2025_PM_malignant	SRRM2	markers of PM malignant/CA-like clusters (mmc5)
Yu2025_PM_malignant	SLC2A1	markers of PM malignant/CA-like clusters (mmc5)
Yu2025_PM_malignant	EPS8L2	markers of PM malignant/CA-like clusters (mmc5)
Yu2025_PM_malignant	LINC01578	markers of PM malignant/CA-like clusters (mmc5)
Yu2025_PM_malignant	C1orf43	markers of PM malignant/CA-like clusters (mmc5)
Yu2025_PM_malignant	N4BP2L2	markers of PM malignant/CA-like clusters (mmc5)
Yu2025_PM_malignant	ZNF207	markers of PM malignant/CA-like clusters (mmc5)
Yu2025_PM_malignant	SLC16A3	markers of PM malignant/CA-like clusters (mmc5)
Yu2025_PM_malignant	HNRNPU	markers of PM malignant/CA-like clusters (mmc5)
Yu2025_PM_malignant	TJP2	markers of PM malignant/CA-like clusters (mmc5)
Yu2025_PM_malignant	PLIN3	markers of PM malignant/CA-like clusters (mmc5)
Yu2025_PM_malignant	TACSTD2	markers of PM malignant/CA-like clusters (mmc5)
Yu2025_PM_malignant	TMED9	markers of PM malignant/CA-like clusters (mmc5)
Yu2025_PM_malignant	CAMK2N1	markers of PM malignant/CA-like clusters (mmc5)
Yu2025_PM_malignant	CUL4A	markers of PM malignant/CA-like clusters (mmc5)
Yu2025_PM_malignant	PICALM	markers of PM malignant/CA-like clusters (mmc5)
Yu2025_PM_malignant	SRSF5	markers of PM malignant/CA-like clusters (mmc5)
Yu2025_PM_malignant	TMPRSS2	markers of PM malignant/CA-like clusters (mmc5)
Yu2025_PM_malignant	LMNA	markers of PM malignant/CA-like clusters (mmc5)
Yu2025_PM_malignant	SH3YL1	markers of PM malignant/CA-like clusters (mmc5)
Yu2025_PM_malignant	SRSF2	markers of PM malignant/CA-like clusters (mmc5)
Yu2025_PM_malignant	CCNL1	markers of PM malignant/CA-like clusters (mmc5)
Yu2025_PM_malignant	FUS	markers of PM malignant/CA-like clusters (mmc5)
Yu2025_PM_malignant	BAIAP2L1	markers of PM malignant/CA-like clusters (mmc5)
Yu2025_PM_malignant	PSMD13	markers of PM malignant/CA-like clusters (mmc5)
Yu2025_PM_malignant	SDCBP2	markers of PM malignant/CA-like clusters (mmc5)
Yu2025_PM_malignant	CDK5RAP3	markers of PM malignant/CA-like clusters (mmc5)
Yu2025_PM_malignant	TUBB4B	markers of PM malignant/CA-like clusters (mmc5)
Yu2025_PM_malignant	CHMP1B	markers of PM malignant/CA-like clusters (mmc5)
Yu2025_PM_malignant	PTTG1IP	markers of PM malignant/CA-like clusters (mmc5)
Yu2025_PM_malignant	RBM39	markers of PM malignant/CA-like clusters (mmc5)
Yu2025_PM_malignant	RHOA	markers of PM malignant/CA-like clusters (mmc5)
Yu2025_PM_malignant	YWHAG	markers of PM malignant/CA-like clusters (mmc5)
Yu2025_PM_malignant	MAL2	markers of PM malignant/CA-like clusters (mmc5)
Yu2025_PM_malignant	ERO1A	markers of PM malignant/CA-like clusters (mmc5)
Yu2025_PM_malignant	TCP1	markers of PM malignant/CA-like clusters (mmc5)
Yu2025_PM_malignant	EEF2	markers of PM malignant/CA-like clusters (mmc5)
Yu2025_PM_malignant	IER3	markers of PM malignant/CA-like clusters (mmc5)
Yu2025_PM_malignant	EGR1	markers of PM malignant/CA-like clusters (mmc5)
Yu2025_PM_malignant	ITGA6	markers of PM malignant/CA-like clusters (mmc5)
Yu2025_PM_malignant	MCL1	markers of PM malignant/CA-like clusters (mmc5)
Yu2025_PM_malignant	CSNK1D	markers of PM malignant/CA-like clusters (mmc5)
Yu2025_PM_malignant	EIF5	markers of PM malignant/CA-like clusters (mmc5)
Yu2025_PM_malignant	YWHAZ	markers of PM malignant/CA-like clusters (mmc5)
Yu2025_PM_malignant	SNRNP70	markers of PM malignant/CA-like clusters (mmc5)
Yu2025_PM_malignant	PRRC2C	markers of PM malignant/CA-like clusters (mmc5)
Yu2025_PM_malignant	C6orf48	markers of PM malignant/CA-like clusters (mmc5)
Yu2025_PM_malignant	PMEPA1	markers of PM malignant/CA-like clusters (mmc5)
Yu2025_PM_malignant	TMPRSS4	markers of PM malignant/CA-like clusters (mmc5)
Yu2025_PM_malignant	FDPS	markers of PM malignant/CA-like clusters (mmc5)
Yu2025_PM_malignant	VMP1	markers of PM malignant/CA-like clusters (mmc5)
Yu2025_PM_malignant	IST1	markers of PM malignant/CA-like clusters (mmc5)
Yu2025_PM_malignant	TAX1BP1	markers of PM malignant/CA-like clusters (mmc5)
Yu2025_PM_malignant	AAMP	markers of PM malignant/CA-like clusters (mmc5)
Yu2025_PM_malignant	HLA-C	markers of PM malignant/CA-like clusters (mmc5)
Yu2025_PM_malignant	CDKN1A	markers of PM malignant/CA-like clusters (mmc5)
Yu2025_PM_malignant	GABARAPL2	markers of PM malignant/CA-like clusters (mmc5)
Yu2025_PM_malignant	EIF4G2	markers of PM malignant/CA-like clusters (mmc5)
Yu2025_PM_malignant	S100A14	markers of PM malignant/CA-like clusters (mmc5)
Yu2025_PM_malignant	HNRNPL	markers of PM malignant/CA-like clusters (mmc5)
Yu2025_PM_malignant	JUP	markers of PM malignant/CA-like clusters (mmc5)
Yu2025_PM_malignant	GLTSCR2	markers of PM malignant/CA-like clusters (mmc5)
Yu2025_PM_malignant	MLPH	markers of PM malignant/CA-like clusters (mmc5)
Yu2025_PM_malignant	ACADVL	markers of PM malignant/CA-like clusters (mmc5)
Yu2025_PM_malignant	PFDN2	markers of PM malignant/CA-like clusters (mmc5)
Yu2025_PM_malignant	EWSR1	markers of PM malignant/CA-like clusters (mmc5)
Yu2025_PM_malignant	ELF3	markers of PM malignant/CA-like clusters (mmc5)
Yu2025_PM_malignant	PNRC1	markers of PM malignant/CA-like clusters (mmc5)
Yu2025_PM_malignant	RBM25	markers of PM malignant/CA-like clusters (mmc5)
Yu2025_PM_malignant	CCT6A	markers of PM malignant/CA-like clusters (mmc5)
Yu2025_PM_malignant	SPATS2L	markers of PM malignant/CA-like clusters (mmc5)
Yu2025_PM_malignant	ZFAND2A	markers of PM malignant/CA-like clusters (mmc5)
Yu2025_PM_malignant	H1F0	markers of PM malignant/CA-like clusters (mmc5)
Yu2025_PM_malignant	UBE2B	markers of PM malignant/CA-like clusters (mmc5)
Yu2025_PM_malignant	PPP1R15A	markers of PM malignant/CA-like clusters (mmc5)
Yu2025_PM_malignant	CTNNA1	markers of PM malignant/CA-like clusters (mmc5)
Yu2025_PM_malignant	LLGL2	markers of PM malignant/CA-like clusters (mmc5)
Yu2025_PM_malignant	IVNS1ABP	markers of PM malignant/CA-like clusters (mmc5)
Yu2025_PM_malignant	RHOC	markers of PM malignant/CA-like clusters (mmc5)
Yu2025_PM_malignant	XRCC5	markers of PM malignant/CA-like clusters (mmc5)
Yu2025_PM_malignant	HNRNPH3	markers of PM malignant/CA-like clusters (mmc5)
Yu2025_PM_malignant	UFC1	markers of PM malignant/CA-like clusters (mmc5)
Yu2025_PM_malignant	GNAS	markers of PM malignant/CA-like clusters (mmc5)
Yu2025_PM_malignant	HEBP2	markers of PM malignant/CA-like clusters (mmc5)
Yu2025_PM_malignant	AUP1	markers of PM malignant/CA-like clusters (mmc5)
Yu2025_PM_malignant	HLA-E	markers of PM malignant/CA-like clusters (mmc5)
Yu2025_PM_malignant	HNRNPA2B1	markers of PM malignant/CA-like clusters (mmc5)
Yu2025_PM_malignant	HSPD1	markers of PM malignant/CA-like clusters (mmc5)
Yu2025_PM_malignant	EIF5B	markers of PM malignant/CA-like clusters (mmc5)
Yu2025_PM_malignant	APH1A	markers of PM malignant/CA-like clusters (mmc5)
Yu2025_PM_malignant	VAPA	markers of PM malignant/CA-like clusters (mmc5)
Yu2025_PM_malignant	HSP90AA1	markers of PM malignant/CA-like clusters (mmc5)
Yu2025_PM_malignant	SRSF11	markers of PM malignant/CA-like clusters (mmc5)
Yu2025_PM_malignant	RPL23	markers of PM malignant/CA-like clusters (mmc5)
Yu2025_PM_malignant	RAB1A	markers of PM malignant/CA-like clusters (mmc5)
Yu2025_PM_malignant	MTIF3	markers of PM malignant/CA-like clusters (mmc5)
Yu2025_PM_malignant	RSRP1	markers of PM malignant/CA-like clusters (mmc5)
Yu2025_PM_malignant	TSPAN13	markers of PM malignant/CA-like clusters (mmc5)
Yu2025_PM_malignant	HNRNPH1	markers of PM malignant/CA-like clusters (mmc5)
Yu2025_PM_malignant	TMEM259	markers of PM malignant/CA-like clusters (mmc5)
Yu2025_PM_malignant	PARP4	markers of PM malignant/CA-like clusters (mmc5)
Yu2025_PM_malignant	EIF3E	markers of PM malignant/CA-like clusters (mmc5)
Yu2025_PM_malignant	HLA-A	markers of PM malignant/CA-like clusters (mmc5)
Yu2025_PM_malignant	MTCH1	markers of PM malignant/CA-like clusters (mmc5)
Yu2025_PM_malignant	FOSB	markers of PM malignant/CA-like clusters (mmc5)
Yu2025_PM_malignant	PSMD4	markers of PM malignant/CA-like clusters (mmc5)
Yu2025_PM_malignant	TUBA1C	markers of PM malignant/CA-like clusters (mmc5)
Yu2025_PM_malignant	LCN2	markers of PM malignant/CA-like clusters (mmc5)
Yu2025_PM_malignant	TAF1D	markers of PM malignant/CA-like clusters (mmc5)
Yu2025_PM_malignant	IER2	markers of PM malignant/CA-like clusters (mmc5)
Yu2025_PM_malignant	HNRNPF	markers of PM malignant/CA-like clusters (mmc5)
Yu2025_PM_malignant	EEF1B2	markers of PM malignant/CA-like clusters (mmc5)
Yu2025_PM_malignant	CACYBP	markers of PM malignant/CA-like clusters (mmc5)
Yu2025_PM_malignant	JUN	markers of PM malignant/CA-like clusters (mmc5)
Yu2025_PM_malignant	HNRNPDL	markers of PM malignant/CA-like clusters (mmc5)
Yu2025_PM_malignant	LUC7L3	markers of PM malignant/CA-like clusters (mmc5)
Yu2025_PM_malignant	LSR	markers of PM malignant/CA-like clusters (mmc5)
Yu2025_PM_malignant	CCT4	markers of PM malignant/CA-like clusters (mmc5)
Yu2025_PM_malignant	HNRNPA3	markers of PM malignant/CA-like clusters (mmc5)
Yu2025_PM_malignant	CSDE1	markers of PM malignant/CA-like clusters (mmc5)
Yu2025_PM_malignant	ARF1	markers of PM malignant/CA-like clusters (mmc5)
Yu2025_PM_malignant	HNRNPC	markers of PM malignant/CA-like clusters (mmc5)
Yu2025_PM_malignant	DDR1	markers of PM malignant/CA-like clusters (mmc5)
Yu2025_PM_malignant	EIF3H	markers of PM malignant/CA-like clusters (mmc5)
Yu2025_PM_malignant	BSG	markers of PM malignant/CA-like clusters (mmc5)
Yu2025_PM_malignant	CHMP4B	markers of PM malignant/CA-like clusters (mmc5)
Yu2025_PM_malignant	LAMP1	markers of PM malignant/CA-like clusters (mmc5)
Yu2025_PM_malignant	YWHAE	markers of PM malignant/CA-like clusters (mmc5)
Yu2025_PM_malignant	UBE2D3	markers of PM malignant/CA-like clusters (mmc5)
Yu2025_PM_malignant	GSN	markers of PM malignant/CA-like clusters (mmc5)
Yu2025_PM_malignant	CHMP2A	markers of PM malignant/CA-like clusters (mmc5)
Yu2025_PM_malignant	HNRNPK	markers of PM malignant/CA-like clusters (mmc5)
Yu2025_PM_malignant	NCL	markers of PM malignant/CA-like clusters (mmc5)
Yu2025_PM_malignant	HNRNPD	markers of PM malignant/CA-like clusters (mmc5)
Yu2025_PM_malignant	CBX3	markers of PM malignant/CA-like clusters (mmc5)
Yu2025_PM_malignant	TM9SF2	markers of PM malignant/CA-like clusters (mmc5)
Yu2025_PM_malignant	CAST	markers of PM malignant/CA-like clusters (mmc5)
Yu2025_PM_malignant	MGLL	markers of PM malignant/CA-like clusters (mmc5)
Yu2025_PM_malignant	DDX17	markers of PM malignant/CA-like clusters (mmc5)
Yu2025_PM_malignant	PIGT	markers of PM malignant/CA-like clusters (mmc5)
Yu2025_PM_malignant	CNBP	markers of PM malignant/CA-like clusters (mmc5)
Yu2025_PM_malignant	EEF1D	markers of PM malignant/CA-like clusters (mmc5)
Yu2025_PM_malignant	CDC37	markers of PM malignant/CA-like clusters (mmc5)
Yu2025_PM_malignant	PKM	markers of PM malignant/CA-like clusters (mmc5)
Yu2025_PM_malignant	KLF5	markers of PM malignant/CA-like clusters (mmc5)
Yu2025_PM_malignant	ACTR2	markers of PM malignant/CA-like clusters (mmc5)
Yu2025_PM_malignant	CAP1	markers of PM malignant/CA-like clusters (mmc5)
Yu2025_PM_malignant	HNRNPA0	markers of PM malignant/CA-like clusters (mmc5)
Yu2025_PM_malignant	RHOB	markers of PM malignant/CA-like clusters (mmc5)
Yu2025_PM_malignant	SFPQ	markers of PM malignant/CA-like clusters (mmc5)
Yu2025_PM_malignant	RALY	markers of PM malignant/CA-like clusters (mmc5)
Yu2025_PM_malignant	BTG1	markers of PM malignant/CA-like clusters (mmc5)
Yu2025_PM_malignant	DSTN	markers of PM malignant/CA-like clusters (mmc5)
Yu2025_PM_malignant	CD151	markers of PM malignant/CA-like clusters (mmc5)
Yu2025_PM_malignant	PSMB1	markers of PM malignant/CA-like clusters (mmc5)
Yu2025_PM_malignant	TAGLN2	markers of PM malignant/CA-like clusters (mmc5)
Yu2025_PM_malignant	P4HB	markers of PM malignant/CA-like clusters (mmc5)
Yu2025_PM_malignant	TUBA1B	markers of PM malignant/CA-like clusters (mmc5)
Yu2025_PM_malignant	FKBP2	markers of PM malignant/CA-like clusters (mmc5)
Yu2025_PM_malignant	RPL14	markers of PM malignant/CA-like clusters (mmc5)
Yu2025_PM_malignant	DDX5	markers of PM malignant/CA-like clusters (mmc5)
Yu2025_PM_malignant	ENO1	markers of PM malignant/CA-like clusters (mmc5)
Yu2025_PM_malignant	RPL13A	markers of PM malignant/CA-like clusters (mmc5)
Yu2025_PM_malignant	TSPAN1	markers of PM malignant/CA-like clusters (mmc5)
Yu2025_PM_malignant	NACA	markers of PM malignant/CA-like clusters (mmc5)
Yu2025_PM_malignant	JTB	markers of PM malignant/CA-like clusters (mmc5)
Yu2025_PM_malignant	RPS17	markers of PM malignant/CA-like clusters (mmc5)
Yu2025_PM_malignant	APP	markers of PM malignant/CA-like clusters (mmc5)
Yu2025_PM_malignant	GRN	markers of PM malignant/CA-like clusters (mmc5)
Yu2025_PM_malignant	HSP90B1	markers of PM malignant/CA-like clusters (mmc5)
Yu2025_PM_malignant	VDAC2	markers of PM malignant/CA-like clusters (mmc5)
Yu2025_PM_malignant	IGFBP7	markers of PM malignant/CA-like clusters (mmc5)
Yu2025_PM_malignant	HLA-DRA	markers of PM malignant/CA-like clusters (mmc5)
Yu2025_PM_malignant	S100A9	markers of PM malignant/CA-like clusters (mmc5)
Yu2025_PM_malignant	SRGN	markers of PM malignant/CA-like clusters (mmc5)
Yu2025_PM_malignant	IL1B	markers of PM malignant/CA-like clusters (mmc5)
Yu2025_PM_malignant	MGP	markers of PM malignant/CA-like clusters (mmc5)
Yu2025_PM_malignant	CXCL8	markers of PM malignant/CA-like clusters (mmc5)
Yu2025_PM_malignant	DEFA6	markers of PM malignant/CA-like clusters (mmc5)
Yu2025_PM_malignant	FABP4	markers of PM malignant/CA-like clusters (mmc5)
Yu2025_PM_malignant	HLA-DRB5	markers of PM malignant/CA-like clusters (mmc5)
Yu2025_PM_malignant	CCL4	markers of PM malignant/CA-like clusters (mmc5)
Yu2025_PM_malignant	HLA-DRB1	markers of PM malignant/CA-like clusters (mmc5)
Yu2025_PM_malignant	CREM	markers of PM malignant/CA-like clusters (mmc5)
Yu2025_PM_malignant	GPR183	markers of PM malignant/CA-like clusters (mmc5)
Yu2025_PM_malignant	VIM	markers of PM malignant/CA-like clusters (mmc5)
Yu2025_PM_malignant	HLA-DPA1	markers of PM malignant/CA-like clusters (mmc5)
Yu2025_PM_malignant	S100A8	markers of PM malignant/CA-like clusters (mmc5)
Yu2025_PM_malignant	HLA-DPB1	markers of PM malignant/CA-like clusters (mmc5)
Yu2025_PM_malignant	TYROBP	markers of PM malignant/CA-like clusters (mmc5)
Yu2025_PM_malignant	G0S2	markers of PM malignant/CA-like clusters (mmc5)
Yu2025_PM_malignant	SPARC	markers of PM malignant/CA-like clusters (mmc5)
Yu2025_PM_malignant	SOD2	markers of PM malignant/CA-like clusters (mmc5)
Yu2025_PM_malignant	CD52	markers of PM malignant/CA-like clusters (mmc5)
Yu2025_PM_malignant	CCL3	markers of PM malignant/CA-like clusters (mmc5)
Yu2025_PM_malignant	CD74	markers of PM malignant/CA-like clusters (mmc5)
Yu2025_PM_malignant	LGALS1	markers of PM malignant/CA-like clusters (mmc5)
Yu2025_PM_malignant	RGS1	markers of PM malignant/CA-like clusters (mmc5)
Yu2025_PM_malignant	PLAUR	markers of PM malignant/CA-like clusters (mmc5)
Yu2025_PM_malignant	CXCL2	markers of PM malignant/CA-like clusters (mmc5)
Yu2025_PM_malignant	CEBPD	markers of PM malignant/CA-like clusters (mmc5)
Yu2025_PM_malignant	ZFP36	markers of PM malignant/CA-like clusters (mmc5)
Yu2025_PM_malignant	MT1H	markers of PM malignant/CA-like clusters (mmc5)
Yu2025_PM_malignant	MT2A	markers of PM malignant/CA-like clusters (mmc5)
Yu2025_PM_malignant	ARHGDIB	markers of PM malignant/CA-like clusters (mmc5)
Yu2025_PM_malignant	FTL	markers of PM malignant/CA-like clusters (mmc5)
Yu2025_PM_malignant	NFKBIA	markers of PM malignant/CA-like clusters (mmc5)
Yu2025_PM_malignant	REG4	markers of PM malignant/CA-like clusters (mmc5)
Yu2025_PM_malignant	CYBA	markers of PM malignant/CA-like clusters (mmc5)
Yu2025_PM_malignant	CST3	markers of PM malignant/CA-like clusters (mmc5)
Yu2025_PM_malignant	RPS19	markers of PM malignant/CA-like clusters (mmc5)
Yu2025_PM_malignant	MT1G	markers of PM malignant/CA-like clusters (mmc5)
Yu2025_PM_malignant	IGHA1	markers of PM malignant/CA-like clusters (mmc5)
Yu2025_PM_malignant	RPL13	markers of PM malignant/CA-like clusters (mmc5)
Yu2025_PM_malignant	JUNB	markers of PM malignant/CA-like clusters (mmc5)
Yu2025_PM_malignant	RPS27	markers of PM malignant/CA-like clusters (mmc5)
Yu2025_PM_malignant	NR4A1	markers of PM malignant/CA-like clusters (mmc5)
Yu2025_PM_malignant	FOS	markers of PM malignant/CA-like clusters (mmc5)
Yu2025_PM_malignant	NDUFS5	markers of PM malignant/CA-like clusters (mmc5)
Yu2025_PM_malignant	RPL10	markers of PM malignant/CA-like clusters (mmc5)
Yu2025_PM_malignant	RPL31	markers of PM malignant/CA-like clusters (mmc5)
Yu2025_PM_malignant	RPS16	markers of PM malignant/CA-like clusters (mmc5)
Yu2025_PM_malignant	B2M	markers of PM malignant/CA-like clusters (mmc5)
Yu2025_PM_malignant	HLA-B	markers of PM malignant/CA-like clusters (mmc5)
Yu2025_PM_malignant	RPS5	markers of PM malignant/CA-like clusters (mmc5)
Yu2025_PM_malignant	PSAP	markers of PM malignant/CA-like clusters (mmc5)
Yu2025_PM_malignant	RPL34	markers of PM malignant/CA-like clusters (mmc5)
Yu2025_PM_malignant	RPS12	markers of PM malignant/CA-like clusters (mmc5)
Yu2025_PM_malignant	RPLP1	markers of PM malignant/CA-like clusters (mmc5)
Yu2025_PM_malignant	IGKC	markers of PM malignant/CA-like clusters (mmc5)
Yu2025_PM_malignant	RPL15	markers of PM malignant/CA-like clusters (mmc5)
Yu2025_PM_malignant	REG1A	markers of PM malignant/CA-like clusters (mmc5)
Yu2025_PM_malignant	GAPDH	markers of PM malignant/CA-like clusters (mmc5)
Yu2025_PM_malignant	UQCRH	markers of PM malignant/CA-like clusters (mmc5)
Yu2025_PM_malignant	RPL30	markers of PM malignant/CA-like clusters (mmc5)
Yu2025_PM_malignant	RPL28	markers of PM malignant/CA-like clusters (mmc5)
Yu2025_PM_malignant	SERPINA1	markers of PM malignant/CA-like clusters (mmc5)
Yu2025_PM_malignant	RPS2	markers of PM malignant/CA-like clusters (mmc5)
Yu2025_PM_malignant	RPS3A	markers of PM malignant/CA-like clusters (mmc5)
Yu2025_PM_malignant	RPS9	markers of PM malignant/CA-like clusters (mmc5)
Yu2025_PM_malignant	RPL35A	markers of PM malignant/CA-like clusters (mmc5)
Yu2025_PM_malignant	RPS20	markers of PM malignant/CA-like clusters (mmc5)
Yu2025_PM_malignant	SPINK4	markers of PM malignant/CA-like clusters (mmc5)
Yu2025_PM_malignant	RPS8	markers of PM malignant/CA-like clusters (mmc5)
Yu2025_PM_malignant	RPL32	markers of PM malignant/CA-like clusters (mmc5)
Yu2025_PM_malignant	RPL18	markers of PM malignant/CA-like clusters (mmc5)
Yu2025_PM_malignant	RPS6	markers of PM malignant/CA-like clusters (mmc5)
Yu2025_PM_malignant	IGLC2	markers of PM malignant/CA-like clusters (mmc5)
Yu2025_PM_malignant	RPL12	markers of PM malignant/CA-like clusters (mmc5)
Yu2025_PM_malignant	RPS3	markers of PM malignant/CA-like clusters (mmc5)
Yu2025_PM_malignant	RPS11	markers of PM malignant/CA-like clusters (mmc5)
Yu2025_PM_malignant	PTMA	markers of PM malignant/CA-like clusters (mmc5)
Yu2025_PM_malignant	RPS23	markers of PM malignant/CA-like clusters (mmc5)
Yu2025_PM_malignant	RPL22	markers of PM malignant/CA-like clusters (mmc5)
Yu2025_PM_malignant	ACTB	markers of PM malignant/CA-like clusters (mmc5)
Yu2025_PM_malignant	RPL3	markers of PM malignant/CA-like clusters (mmc5)
Yu2025_PM_malignant	CALB1	markers of PM malignant/CA-like clusters (mmc5)
Yu2025_PM_malignant	IL1R2	markers of PM malignant/CA-like clusters (mmc5)
Yu2025_PM_malignant	DUSP6	markers of PM malignant/CA-like clusters (mmc5)
Yu2025_PM_malignant	RPL27A	markers of PM malignant/CA-like clusters (mmc5)
Yu2025_PM_malignant	ADAM9	markers of PM malignant/CA-like clusters (mmc5)
Yu2025_PM_malignant	TNFRSF12A	markers of PM malignant/CA-like clusters (mmc5)
Yu2025_PM_malignant	GJB2	markers of PM malignant/CA-like clusters (mmc5)
Yu2025_PM_malignant	CLDN7	markers of PM malignant/CA-like clusters (mmc5)
Yu2025_PM_malignant	RAB5C	markers of PM malignant/CA-like clusters (mmc5)
Yu2025_PM_malignant	GCNT3	markers of PM malignant/CA-like clusters (mmc5)
Yu2025_PM_malignant	TNFRSF21	markers of PM malignant/CA-like clusters (mmc5)
Yu2025_PM_malignant	HK2	markers of PM malignant/CA-like clusters (mmc5)
Yu2025_PM_malignant	SRSF1	markers of PM malignant/CA-like clusters (mmc5)
Yu2025_PM_malignant	NET1	markers of PM malignant/CA-like clusters (mmc5)
Yu2025_PM_malignant	PLA2G16	markers of PM malignant/CA-like clusters (mmc5)
Yu2025_PM_malignant	CCT5	markers of PM malignant/CA-like clusters (mmc5)
Yu2025_PM_malignant	ERCC5	markers of PM malignant/CA-like clusters (mmc5)
Yu2025_PM_malignant	RALGDS	markers of PM malignant/CA-like clusters (mmc5)
Yu2025_PM_malignant	TRA2A	markers of PM malignant/CA-like clusters (mmc5)
Yu2025_PM_malignant	RPL26	markers of PM malignant/CA-like clusters (mmc5)
Yu2025_PM_malignant	EML2	markers of PM malignant/CA-like clusters (mmc5)
Yu2025_PM_malignant	HNRNPUL2	markers of PM malignant/CA-like clusters (mmc5)
Yu2025_PM_malignant	SNRPD1	markers of PM malignant/CA-like clusters (mmc5)
Yu2025_PM_malignant	DNAJC7	markers of PM malignant/CA-like clusters (mmc5)
Yu2025_PM_malignant	HSPA4	markers of PM malignant/CA-like clusters (mmc5)
Yu2025_PM_malignant	HLA-F	markers of PM malignant/CA-like clusters (mmc5)
Yu2025_PM_malignant	PHLDA1	markers of PM malignant/CA-like clusters (mmc5)
Yu2025_PM_malignant	SNHG6	markers of PM malignant/CA-like clusters (mmc5)
Yu2025_PM_malignant	CTTN	markers of PM malignant/CA-like clusters (mmc5)
Yu2025_PM_malignant	ACTG1	markers of PM malignant/CA-like clusters (mmc5)
Yu2025_PM_malignant	OCIAD1	markers of PM malignant/CA-like clusters (mmc5)
Yu2025_PM_malignant	PFDN4	markers of PM malignant/CA-like clusters (mmc5)
Yu2025_PM_malignant	SNRPD3	markers of PM malignant/CA-like clusters (mmc5)
Yu2025_PM_malignant	CHMP5	markers of PM malignant/CA-like clusters (mmc5)
Yu2025_PM_malignant	ARPC1A	markers of PM malignant/CA-like clusters (mmc5)
Yu2025_PM_malignant	SSR3	markers of PM malignant/CA-like clusters (mmc5)
Yu2025_PM_malignant	RBM3	markers of PM malignant/CA-like clusters (mmc5)
Yu2025_PM_malignant	PDCD5	markers of PM malignant/CA-like clusters (mmc5)
Yu2025_PM_malignant	RP11-864N7.2	markers of PM malignant/CA-like clusters (mmc5)
Yu2025_PM_malignant	SYNGR2	markers of PM malignant/CA-like clusters (mmc5)
Yu2025_PM_malignant	YWHAB	markers of PM malignant/CA-like clusters (mmc5)
Yu2025_PM_malignant	PSMA1	markers of PM malignant/CA-like clusters (mmc5)
Yu2025_PM_malignant	PSMB7	markers of PM malignant/CA-like clusters (mmc5)
Yu2025_PM_malignant	TKT	markers of PM malignant/CA-like clusters (mmc5)
Yu2025_PM_malignant	PDHA1	markers of PM malignant/CA-like clusters (mmc5)
Yu2025_PM_malignant	SF3B5	markers of PM malignant/CA-like clusters (mmc5)
Yu2025_PM_malignant	CSNK2B	markers of PM malignant/CA-like clusters (mmc5)
Yu2025_PM_malignant	RPL37	markers of PM malignant/CA-like clusters (mmc5)
Yu2025_PM_malignant	CLTA	markers of PM malignant/CA-like clusters (mmc5)
Yu2025_PM_malignant	TM9SF3	markers of PM malignant/CA-like clusters (mmc5)
Yu2025_PM_malignant	SFN	markers of PM malignant/CA-like clusters (mmc5)
Yu2025_PM_malignant	NAP1L1	markers of PM malignant/CA-like clusters (mmc5)
Yu2025_PM_malignant	RPL11	markers of PM malignant/CA-like clusters (mmc5)
Yu2025_PM_malignant	RPS24	markers of PM malignant/CA-like clusters (mmc5)
Yu2025_PM_malignant	JUND	markers of PM malignant/CA-like clusters (mmc5)
Yu2025_PM_malignant	EEF1A1	markers of PM malignant/CA-like clusters (mmc5)
Yu2025_PM_malignant	RPS10	markers of PM malignant/CA-like clusters (mmc5)
Yu2025_PM_malignant	HMGN1	markers of PM malignant/CA-like clusters (mmc5)
Yu2025_PM_malignant	RPS4X	markers of PM malignant/CA-like clusters (mmc5)
Yu2025_PM_malignant	RPS29	markers of PM malignant/CA-like clusters (mmc5)
Yu2025_PM_malignant	PRSS2	markers of PM malignant/CA-like clusters (mmc5)
Yu2025_PM_malignant	COL16A1	markers of PM malignant/CA-like clusters (mmc5)
Yu2025_PM_malignant	MUC2	markers of PM malignant/CA-like clusters (mmc5)
Yu2025_PM_malignant	PCSK1	markers of PM malignant/CA-like clusters (mmc5)
Yu2025_PM_malignant	MUC5B	markers of PM malignant/CA-like clusters (mmc5)
Yu2025_PM_malignant	FCGBP	markers of PM malignant/CA-like clusters (mmc5)
Yu2025_PM_malignant	CLCA1	markers of PM malignant/CA-like clusters (mmc5)
Yu2025_PM_malignant	ITLN1	markers of PM malignant/CA-like clusters (mmc5)
Yu2025_PM_malignant	CPE	markers of PM malignant/CA-like clusters (mmc5)
Yu2025_PM_malignant	KIAA1324	markers of PM malignant/CA-like clusters (mmc5)
Yu2025_PM_malignant	HEPACAM2	markers of PM malignant/CA-like clusters (mmc5)
Yu2025_PM_malignant	ST6GALNAC1	markers of PM malignant/CA-like clusters (mmc5)
Yu2025_PM_malignant	MUC4	markers of PM malignant/CA-like clusters (mmc5)
Yu2025_PM_malignant	CREB3L1	markers of PM malignant/CA-like clusters (mmc5)
Yu2025_PM_malignant	NPDC1	markers of PM malignant/CA-like clusters (mmc5)
Yu2025_PM_malignant	GMDS	markers of PM malignant/CA-like clusters (mmc5)
Yu2025_PM_malignant	WFDC2	markers of PM malignant/CA-like clusters (mmc5)
Yu2025_PM_malignant	BACE2	markers of PM malignant/CA-like clusters (mmc5)
Yu2025_PM_malignant	SLC12A2	markers of PM malignant/CA-like clusters (mmc5)
Yu2025_PM_malignant	RPS2P46	markers of PM malignant/CA-like clusters (mmc5)
Yu2025_PM_malignant	LGALS3BP	markers of PM malignant/CA-like clusters (mmc5)
Yu2025_PM_malignant	XBP1	markers of PM malignant/CA-like clusters (mmc5)
Yu2025_PM_malignant	FAM3D	markers of PM malignant/CA-like clusters (mmc5)
Yu2025_PM_malignant	NBL1	markers of PM malignant/CA-like clusters (mmc5)
Yu2025_PM_malignant	AES	markers of PM malignant/CA-like clusters (mmc5)
Yu2025_PM_malignant	LRRC75A-AS1	markers of PM malignant/CA-like clusters (mmc5)
Yu2025_PM_malignant	PCCA	markers of PM malignant/CA-like clusters (mmc5)
Yu2025_PM_malignant	RPL3P4	markers of PM malignant/CA-like clusters (mmc5)
Yu2025_PM_malignant	TAPBP	markers of PM malignant/CA-like clusters (mmc5)
Yu2025_PM_malignant	ATP1B1	markers of PM malignant/CA-like clusters (mmc5)
Yu2025_PM_malignant	SERPINB1	markers of PM malignant/CA-like clusters (mmc5)
Yu2025_PM_malignant	IGFBP2	markers of PM malignant/CA-like clusters (mmc5)
Yu2025_PM_malignant	MT-ATP8	markers of PM malignant/CA-like clusters (mmc5)
Yu2025_PM_malignant	MUC1	markers of PM malignant/CA-like clusters (mmc5)
Yu2025_PM_malignant	PDXDC1	markers of PM malignant/CA-like clusters (mmc5)
Yu2025_PM_malignant	SLC44A4	markers of PM malignant/CA-like clusters (mmc5)
Yu2025_PM_malignant	CALR	markers of PM malignant/CA-like clusters (mmc5)
Yu2025_PM_malignant	RP11-371A22.1	markers of PM malignant/CA-like clusters (mmc5)
Yu2025_PM_malignant	KDELR1	markers of PM malignant/CA-like clusters (mmc5)
Yu2025_PM_malignant	MARCKSL1	markers of PM malignant/CA-like clusters (mmc5)
Yu2025_PM_malignant	RPL18AP3	markers of PM malignant/CA-like clusters (mmc5)
Yu2025_PM_malignant	PDIA3	markers of PM malignant/CA-like clusters (mmc5)
Yu2025_PM_malignant	RPL29	markers of PM malignant/CA-like clusters (mmc5)
Yu2025_PM_malignant	TMED10	markers of PM malignant/CA-like clusters (mmc5)
Yu2025_PM_malignant	AGR3	markers of PM malignant/CA-like clusters (mmc5)
Yu2025_PM_malignant	ITM2B	markers of PM malignant/CA-like clusters (mmc5)
Yu2025_PM_malignant	STARD10	markers of PM malignant/CA-like clusters (mmc5)
Yu2025_PM_malignant	RACK1	markers of PM malignant/CA-like clusters (mmc5)
Yu2025_PM_malignant	CANX	markers of PM malignant/CA-like clusters (mmc5)
Yu2025_PM_malignant	PCBP2	markers of PM malignant/CA-like clusters (mmc5)
Yu2025_PM_malignant	ITM2C	markers of PM malignant/CA-like clusters (mmc5)
Yu2025_PM_malignant	MUC13	markers of PM malignant/CA-like clusters (mmc5)
Yu2025_PM_malignant	TMEM59	markers of PM malignant/CA-like clusters (mmc5)
Yu2025_PM_malignant	PPDPF	markers of PM malignant/CA-like clusters (mmc5)
Yu2025_PM_malignant	MT-TT	markers of PM malignant/CA-like clusters (mmc5)
Yu2025_PM_malignant	PABPC1	markers of PM malignant/CA-like clusters (mmc5)
Yu2025_PM_malignant	HNRNPA1	markers of PM malignant/CA-like clusters (mmc5)
Yu2025_PM_malignant	RP11-234A1.1	markers of PM malignant/CA-like clusters (mmc5)
Yu2025_PM_malignant	MT-ATP6	markers of PM malignant/CA-like clusters (mmc5)
Yu2025_PM_malignant	RPL24	markers of PM malignant/CA-like clusters (mmc5)
Yu2025_PM_malignant	MTCO1P12	markers of PM malignant/CA-like clusters (mmc5)
Yu2025_PM_malignant	PTGDS	markers of PM malignant/CA-like clusters (mmc5)
Yu2025_PM_malignant	RARRES1	markers of PM malignant/CA-like clusters (mmc5)
Yu2025_PM_malignant	MTND3P19	markers of PM malignant/CA-like clusters (mmc5)
Yu2025_PM_malignant	C8orf4	markers of PM malignant/CA-like clusters (mmc5)
Yu2025_PM_malignant	FHL2	markers of PM malignant/CA-like clusters (mmc5)
Yu2025_PM_malignant	GDF15	markers of PM malignant/CA-like clusters (mmc5)
Yu2025_PM_malignant	KLK1	markers of PM malignant/CA-like clusters (mmc5)
Yu2025_PM_malignant	MT1X	markers of PM malignant/CA-like clusters (mmc5)
Yu2025_PM_malignant	ATP6V0B	markers of PM malignant/CA-like clusters (mmc5)
Yu2025_PM_malignant	PHPT1	markers of PM malignant/CA-like clusters (mmc5)
Yu2025_PM_malignant	MRPS21	markers of PM malignant/CA-like clusters (mmc5)
Yu2025_PM_malignant	C14orf166	markers of PM malignant/CA-like clusters (mmc5)
Yu2025_PM_malignant	TSTA3	markers of PM malignant/CA-like clusters (mmc5)
Yu2025_PM_malignant	YBX1	markers of PM malignant/CA-like clusters (mmc5)
Yu2025_PM_malignant	BLVRB	markers of PM malignant/CA-like clusters (mmc5)
Yu2025_PM_malignant	PSMB4	markers of PM malignant/CA-like clusters (mmc5)
Yu2025_PM_malignant	CMPK1	markers of PM malignant/CA-like clusters (mmc5)
Yu2025_PM_malignant	TPM4	markers of PM malignant/CA-like clusters (mmc5)
Yu2025_PM_malignant	NUPR1	markers of PM malignant/CA-like clusters (mmc5)
Yu2025_PM_malignant	SEPP1	markers of PM malignant/CA-like clusters (mmc5)
Yu2025_PM_malignant	PHGR1	markers of PM malignant/CA-like clusters (mmc5)
Yu2025_PM_malignant	ETS2	markers of PM malignant/CA-like clusters (mmc5)
Yu2025_PM_malignant	MRPL41	markers of PM malignant/CA-like clusters (mmc5)
Yu2025_PM_malignant	PLAC8	markers of PM malignant/CA-like clusters (mmc5)
Yu2025_PM_malignant	PCBD1	markers of PM malignant/CA-like clusters (mmc5)
Yu2025_PM_malignant	TSTD1	markers of PM malignant/CA-like clusters (mmc5)
Yu2025_PM_malignant	PSME1	markers of PM malignant/CA-like clusters (mmc5)
Yu2025_PM_malignant	RTN4	markers of PM malignant/CA-like clusters (mmc5)
Yu2025_PM_malignant	HIGD2A	markers of PM malignant/CA-like clusters (mmc5)
Yu2025_PM_malignant	SSR2	markers of PM malignant/CA-like clusters (mmc5)
Yu2025_PM_malignant	KDELR2	markers of PM malignant/CA-like clusters (mmc5)
Yu2025_PM_malignant	EFNA1	markers of PM malignant/CA-like clusters (mmc5)
Yu2025_PM_malignant	KLF4	markers of PM malignant/CA-like clusters (mmc5)
Yu2025_PM_malignant	SERP1	markers of PM malignant/CA-like clusters (mmc5)
Yu2025_PM_malignant	RPL6	markers of PM malignant/CA-like clusters (mmc5)
Yu2025_PM_malignant	PCBP1	markers of PM malignant/CA-like clusters (mmc5)
Yu2025_PM_malignant	CYC1	markers of PM malignant/CA-like clusters (mmc5)
Yu2025_PM_malignant	MT1E	markers of PM malignant/CA-like clusters (mmc5)
Yu2025_PM_malignant	DAZAP2	markers of PM malignant/CA-like clusters (mmc5)
Yu2025_PM_malignant	ATP5G3	markers of PM malignant/CA-like clusters (mmc5)
Yu2025_PM_malignant	RPL7A	markers of PM malignant/CA-like clusters (mmc5)
Yu2025_PM_malignant	ANXA4	markers of PM malignant/CA-like clusters (mmc5)
Yu2025_PM_malignant	ATP5B	markers of PM malignant/CA-like clusters (mmc5)
Yu2025_PM_malignant	SLC25A3	markers of PM malignant/CA-like clusters (mmc5)
Yu2025_PM_malignant	LGALS4	markers of PM malignant/CA-like clusters (mmc5)
Yu2025_PM_malignant	BTG2	markers of PM malignant/CA-like clusters (mmc5)
Yu2025_PM_malignant	C15orf48	markers of PM malignant/CA-like clusters (mmc5)
Yu2025_PM_malignant	CHCHD10	markers of PM malignant/CA-like clusters (mmc5)
Yu2025_LM_malignant	RPL22L1	markers of LM malignant clusters (mmc5)
Yu2025_LM_malignant	LDHB	markers of LM malignant clusters (mmc5)
Yu2025_LM_malignant	MIF	markers of LM malignant clusters (mmc5)
Yu2025_LM_malignant	OLFM4	markers of LM malignant clusters (mmc5)
Yu2025_LM_malignant	SNRPD2	markers of LM malignant clusters (mmc5)
Yu2025_LM_malignant	MT-TF	markers of LM malignant clusters (mmc5)
Yu2025_LM_malignant	DDT	markers of LM malignant clusters (mmc5)
Yu2025_LM_malignant	SNRPB	markers of LM malignant clusters (mmc5)
Yu2025_LM_malignant	PPIA	markers of LM malignant clusters (mmc5)
Yu2025_LM_malignant	PRDX5	markers of LM malignant clusters (mmc5)
Yu2025_LM_malignant	FABP5	markers of LM malignant clusters (mmc5)
Yu2025_LM_malignant	FTL	markers of LM malignant clusters (mmc5)
Yu2025_LM_malignant	PCCA	markers of LM malignant clusters (mmc5)
Yu2025_LM_malignant	GPX2	markers of LM malignant clusters (mmc5)
Yu2025_LM_malignant	RPS5	markers of LM malignant clusters (mmc5)
Yu2025_LM_malignant	RPS4Y1	markers of LM malignant clusters (mmc5)
Yu2025_LM_malignant	RPS7	markers of LM malignant clusters (mmc5)
Yu2025_LM_malignant	CSTB	markers of LM malignant clusters (mmc5)
Yu2025_LM_malignant	ATP5C1	markers of LM malignant clusters (mmc5)
Yu2025_LM_malignant	RPS29	markers of LM malignant clusters (mmc5)
Yu2025_LM_malignant	NDUFA3	markers of LM malignant clusters (mmc5)
Yu2025_LM_malignant	COX5A	markers of LM malignant clusters (mmc5)
Yu2025_LM_malignant	DBI	markers of LM malignant clusters (mmc5)
Yu2025_LM_malignant	PRAC1	markers of LM malignant clusters (mmc5)
Yu2025_LM_malignant	RPL18	markers of LM malignant clusters (mmc5)
Yu2025_LM_malignant	HSPE1	markers of LM malignant clusters (mmc5)
Yu2025_LM_malignant	HINT1	markers of LM malignant clusters (mmc5)
Yu2025_LM_malignant	RPL41	markers of LM malignant clusters (mmc5)
Yu2025_LM_malignant	STMN1	markers of LM malignant clusters (mmc5)
Yu2025_LM_malignant	C14orf2	markers of LM malignant clusters (mmc5)
Yu2025_LM_malignant	SLIRP	markers of LM malignant clusters (mmc5)
Yu2025_LM_malignant	RPLP2	markers of LM malignant clusters (mmc5)
Yu2025_LM_malignant	MT-TP	markers of LM malignant clusters (mmc5)
Yu2025_LM_malignant	COX6B1	markers of LM malignant clusters (mmc5)
Yu2025_LM_malignant	RPS16	markers of LM malignant clusters (mmc5)
Yu2025_LM_malignant	RPL27	markers of LM malignant clusters (mmc5)
Yu2025_LM_malignant	TXN	markers of LM malignant clusters (mmc5)
Yu2025_LM_malignant	PSMA7	markers of LM malignant clusters (mmc5)
Yu2025_LM_malignant	FDFT1	markers of LM malignant clusters (mmc5)
Yu2025_LM_malignant	NME1	markers of LM malignant clusters (mmc5)
Yu2025_LM_malignant	UQCRQ	markers of LM malignant clusters (mmc5)
Yu2025_LM_malignant	RPS27AP16	markers of LM malignant clusters (mmc5)
Yu2025_LM_malignant	PPIB	markers of LM malignant clusters (mmc5)
Yu2025_LM_malignant	PRDX2	markers of LM malignant clusters (mmc5)
Yu2025_LM_malignant	TBCA	markers of LM malignant clusters (mmc5)
Yu2025_LM_malignant	ATP5E	markers of LM malignant clusters (mmc5)
Yu2025_LM_malignant	SNRPE	markers of LM malignant clusters (mmc5)
Yu2025_LM_malignant	SUB1	markers of LM malignant clusters (mmc5)
Yu2025_LM_malignant	RPL35A	markers of LM malignant clusters (mmc5)
Yu2025_LM_malignant	PDCD5	markers of LM malignant clusters (mmc5)
Yu2025_LM_malignant	EPHB3	markers of LM malignant clusters (mmc5)
Yu2025_LM_malignant	SNRPF	markers of LM malignant clusters (mmc5)
Yu2025_LM_malignant	BTF3	markers of LM malignant clusters (mmc5)
Yu2025_LM_malignant	UBA52	markers of LM malignant clusters (mmc5)
Yu2025_LM_malignant	RPS17	markers of LM malignant clusters (mmc5)
Yu2025_LM_malignant	SNRPD1	markers of LM malignant clusters (mmc5)
Yu2025_LM_malignant	EIF3K	markers of LM malignant clusters (mmc5)
Yu2025_LM_malignant	RAN	markers of LM malignant clusters (mmc5)
Yu2025_LM_malignant	NDUFB1	markers of LM malignant clusters (mmc5)
Yu2025_LM_malignant	RPS26	markers of LM malignant clusters (mmc5)
Yu2025_LM_malignant	IDI1	markers of LM malignant clusters (mmc5)
Yu2025_LM_malignant	ATP5G3	markers of LM malignant clusters (mmc5)
Yu2025_LM_malignant	TMA7	markers of LM malignant clusters (mmc5)
Yu2025_LM_malignant	IFITM3	markers of LM malignant clusters (mmc5)
Yu2025_LM_malignant	COX8A	markers of LM malignant clusters (mmc5)
Yu2025_LM_malignant	RPS7P1	markers of LM malignant clusters (mmc5)
Yu2025_LM_malignant	LGALS3	markers of LM malignant clusters (mmc5)
Yu2025_LM_malignant	SNRPG	markers of LM malignant clusters (mmc5)
Yu2025_LM_malignant	H2AFZ	markers of LM malignant clusters (mmc5)
Yu2025_LM_malignant	UQCRH	markers of LM malignant clusters (mmc5)
Yu2025_LM_malignant	TMSB10	markers of LM malignant clusters (mmc5)
Yu2025_LM_malignant	RPL23	markers of LM malignant clusters (mmc5)
Yu2025_LM_malignant	SOD1	markers of LM malignant clusters (mmc5)
Yu2025_LM_malignant	RPS15	markers of LM malignant clusters (mmc5)
Yu2025_LM_malignant	RPL24	markers of LM malignant clusters (mmc5)
Yu2025_LM_malignant	NDUFC1	markers of LM malignant clusters (mmc5)
Yu2025_LM_malignant	STRAP	markers of LM malignant clusters (mmc5)
Yu2025_LM_malignant	SPINK1	markers of LM malignant clusters (mmc5)
Yu2025_LM_malignant	DSTN	markers of LM malignant clusters (mmc5)
Yu2025_LM_malignant	RPS15A	markers of LM malignant clusters (mmc5)
Yu2025_LM_malignant	HN1	markers of LM malignant clusters (mmc5)
Yu2025_LM_malignant	FXYD3	markers of LM malignant clusters (mmc5)
Yu2025_LM_malignant	RANBP1	markers of LM malignant clusters (mmc5)
Yu2025_LM_malignant	S100P	markers of LM malignant clusters (mmc5)
Yu2025_LM_malignant	RPS13	markers of LM malignant clusters (mmc5)
Yu2025_LM_malignant	RPL23A	markers of LM malignant clusters (mmc5)
Yu2025_LM_malignant	POLR2L	markers of LM malignant clusters (mmc5)
Yu2025_LM_malignant	H2AFJ	markers of LM malignant clusters (mmc5)
Yu2025_LM_malignant	COX7A2	markers of LM malignant clusters (mmc5)
Yu2025_LM_malignant	SNRPB2	markers of LM malignant clusters (mmc5)
Yu2025_LM_malignant	COX7C	markers of LM malignant clusters (mmc5)
Yu2025_LM_malignant	MRPL52	markers of LM malignant clusters (mmc5)
Yu2025_LM_malignant	EEF1B2	markers of LM malignant clusters (mmc5)
Yu2025_LM_malignant	UQCRFS1	markers of LM malignant clusters (mmc5)
Yu2025_LM_malignant	GNG5	markers of LM malignant clusters (mmc5)
Yu2025_LM_malignant	CHCHD10	markers of LM malignant clusters (mmc5)
Yu2025_LM_malignant	RPS11	markers of LM malignant clusters (mmc5)
Yu2025_LM_malignant	C8orf59	markers of LM malignant clusters (mmc5)
Yu2025_LM_malignant	FAU	markers of LM malignant clusters (mmc5)
Yu2025_LM_malignant	RPL10A	markers of LM malignant clusters (mmc5)
Yu2025_LM_malignant	RPL21	markers of LM malignant clusters (mmc5)
Yu2025_LM_malignant	FBL	markers of LM malignant clusters (mmc5)
Yu2025_LM_malignant	SF3B6	markers of LM malignant clusters (mmc5)
Yu2025_LM_malignant	RPSA	markers of LM malignant clusters (mmc5)
Yu2025_LM_malignant	RPS27A	markers of LM malignant clusters (mmc5)
Yu2025_LM_malignant	RPS9	markers of LM malignant clusters (mmc5)
Yu2025_LM_malignant	RPL29	markers of LM malignant clusters (mmc5)
Yu2025_LM_malignant	RPL19	markers of LM malignant clusters (mmc5)
Yu2025_LM_malignant	MZT2B	markers of LM malignant clusters (mmc5)
Yu2025_LM_malignant	CHCHD2	markers of LM malignant clusters (mmc5)
Yu2025_LM_malignant	TMEM147	markers of LM malignant clusters (mmc5)
Yu2025_LM_malignant	LGALS4	markers of LM malignant clusters (mmc5)
Yu2025_LM_malignant	SEPW1	markers of LM malignant clusters (mmc5)
Yu2025_LM_malignant	PEBP1	markers of LM malignant clusters (mmc5)
Yu2025_LM_malignant	MGST1	markers of LM malignant clusters (mmc5)
Yu2025_LM_malignant	RPL28	markers of LM malignant clusters (mmc5)
Yu2025_LM_malignant	RPL38	markers of LM malignant clusters (mmc5)
Yu2025_LM_malignant	RPL35	markers of LM malignant clusters (mmc5)
Yu2025_LM_malignant	RPL9	markers of LM malignant clusters (mmc5)
Yu2025_LM_malignant	RPL15	markers of LM malignant clusters (mmc5)
Yu2025_LM_malignant	HMGB1	markers of LM malignant clusters (mmc5)
Yu2025_LM_malignant	CTSC	markers of LM malignant clusters (mmc5)
Yu2025_LM_malignant	TIMM13	markers of LM malignant clusters (mmc5)
Yu2025_LM_malignant	ERH	markers of LM malignant clusters (mmc5)
Yu2025_LM_malignant	SEC61G	markers of LM malignant clusters (mmc5)
Yu2025_LM_malignant	TMSB4X	markers of LM malignant clusters (mmc5)
Yu2025_LM_malignant	AP2S1	markers of LM malignant clusters (mmc5)
Yu2025_LM_malignant	SEC61B	markers of LM malignant clusters (mmc5)
Yu2025_LM_malignant	RPS19	markers of LM malignant clusters (mmc5)
Yu2025_LM_malignant	LYZ	markers of LM malignant clusters (mmc5)
Yu2025_LM_malignant	RPS2P46	markers of LM malignant clusters (mmc5)
Yu2025_LM_malignant	RPS3A	markers of LM malignant clusters (mmc5)
Yu2025_LM_malignant	RPLP0	markers of LM malignant clusters (mmc5)
Yu2025_LM_malignant	RPL14	markers of LM malignant clusters (mmc5)
Yu2025_LM_malignant	ATP5G1	markers of LM malignant clusters (mmc5)
Yu2025_LM_malignant	NDUFS5	markers of LM malignant clusters (mmc5)
Yu2025_LM_malignant	NEDD8	markers of LM malignant clusters (mmc5)
Yu2025_LM_malignant	LSM3	markers of LM malignant clusters (mmc5)
Yu2025_LM_malignant	CFL1	markers of LM malignant clusters (mmc5)
Yu2025_LM_malignant	SF3B5	markers of LM malignant clusters (mmc5)
Yu2025_LM_malignant	TIMM8B	markers of LM malignant clusters (mmc5)
Yu2025_LM_malignant	PKM	markers of LM malignant clusters (mmc5)
Yu2025_LM_malignant	RPL13AP5	markers of LM malignant clusters (mmc5)
Yu2025_LM_malignant	NDUFAB1	markers of LM malignant clusters (mmc5)
Yu2025_LM_malignant	RPL9P9	markers of LM malignant clusters (mmc5)
Yu2025_LM_malignant	NDUFA4	markers of LM malignant clusters (mmc5)
Yu2025_LM_malignant	ATP5J2	markers of LM malignant clusters (mmc5)
Yu2025_LM_malignant	EIF6	markers of LM malignant clusters (mmc5)
Yu2025_LM_malignant	RPL6	markers of LM malignant clusters (mmc5)
Yu2025_LM_malignant	BSG	markers of LM malignant clusters (mmc5)
Yu2025_LM_malignant	SNU13	markers of LM malignant clusters (mmc5)
Yu2025_LM_malignant	PGK1	markers of LM malignant clusters (mmc5)
Yu2025_LM_malignant	MT-TV	markers of LM malignant clusters (mmc5)
Yu2025_LM_malignant	MRPL13	markers of LM malignant clusters (mmc5)
Yu2025_LM_malignant	NHP2	markers of LM malignant clusters (mmc5)
Yu2025_LM_malignant	RPL37A	markers of LM malignant clusters (mmc5)
Yu2025_LM_malignant	RPL7P9	markers of LM malignant clusters (mmc5)
Yu2025_LM_malignant	SNHG5	markers of LM malignant clusters (mmc5)
Yu2025_LM_malignant	NDUFB4	markers of LM malignant clusters (mmc5)
Yu2025_LM_malignant	ABRACL	markers of LM malignant clusters (mmc5)
Yu2025_LM_malignant	TMEM258	markers of LM malignant clusters (mmc5)
Yu2025_LM_malignant	PTMA	markers of LM malignant clusters (mmc5)
Yu2025_LM_malignant	COX6C	markers of LM malignant clusters (mmc5)
Yu2025_LM_malignant	RPL13AP25	markers of LM malignant clusters (mmc5)
Yu2025_LM_malignant	NUPR1	markers of LM malignant clusters (mmc5)
Yu2025_LM_malignant	RPS27	markers of LM malignant clusters (mmc5)
Yu2025_LM_malignant	OST4	markers of LM malignant clusters (mmc5)
Yu2025_LM_malignant	ATP5G2	markers of LM malignant clusters (mmc5)
Yu2025_LM_malignant	RPL36	markers of LM malignant clusters (mmc5)
Yu2025_LM_malignant	UQCR11	markers of LM malignant clusters (mmc5)
Yu2025_LM_malignant	NDUFB6	markers of LM malignant clusters (mmc5)
Yu2025_LM_malignant	RPL30	markers of LM malignant clusters (mmc5)
Yu2025_LM_malignant	ATP5D	markers of LM malignant clusters (mmc5)
Yu2025_LM_malignant	RPS10	markers of LM malignant clusters (mmc5)
Yu2025_LM_malignant	LDHA	markers of LM malignant clusters (mmc5)
Yu2025_LM_malignant	UBL5	markers of LM malignant clusters (mmc5)
Yu2025_LM_malignant	VDAC1	markers of LM malignant clusters (mmc5)
Yu2025_LM_malignant	PHB	markers of LM malignant clusters (mmc5)
Yu2025_LM_malignant	NDUFS6	markers of LM malignant clusters (mmc5)
Yu2025_LM_malignant	COX20	markers of LM malignant clusters (mmc5)
Yu2025_LM_malignant	ATP5L	markers of LM malignant clusters (mmc5)
Yu2025_LM_malignant	HNRNPC	markers of LM malignant clusters (mmc5)
Yu2025_LM_malignant	RPS25	markers of LM malignant clusters (mmc5)
Yu2025_LM_malignant	NOP10	markers of LM malignant clusters (mmc5)
Yu2025_LM_malignant	TPI1	markers of LM malignant clusters (mmc5)
Yu2025_LM_malignant	IFITM1	markers of LM malignant clusters (mmc5)
Yu2025_LM_malignant	CYCS	markers of LM malignant clusters (mmc5)
Yu2025_LM_malignant	GPI	markers of LM malignant clusters (mmc5)
Yu2025_LM_malignant	SERF2	markers of LM malignant clusters (mmc5)
Yu2025_LM_malignant	RPL10AP6	markers of LM malignant clusters (mmc5)
Yu2025_LM_malignant	COX7B	markers of LM malignant clusters (mmc5)
Yu2025_LM_malignant	ROMO1	markers of LM malignant clusters (mmc5)
Yu2025_LM_malignant	S100A10	markers of LM malignant clusters (mmc5)
Yu2025_LM_malignant	ATP5I	markers of LM malignant clusters (mmc5)
Yu2025_LM_malignant	MRPL14	markers of LM malignant clusters (mmc5)
Yu2025_LM_malignant	GPX1	markers of LM malignant clusters (mmc5)
Yu2025_LM_malignant	SEP15	markers of LM malignant clusters (mmc5)
Yu2025_LM_malignant	PRELID1	markers of LM malignant clusters (mmc5)
Yu2025_LM_malignant	RPL39	markers of LM malignant clusters (mmc5)
Yu2025_LM_malignant	RPL8	markers of LM malignant clusters (mmc5)
Yu2025_LM_malignant	DYNLL1	markers of LM malignant clusters (mmc5)
Yu2025_LM_malignant	RPL5	markers of LM malignant clusters (mmc5)
Yu2025_LM_malignant	POLR2K	markers of LM malignant clusters (mmc5)
Yu2025_LM_malignant	COPS9	markers of LM malignant clusters (mmc5)
Yu2025_LM_malignant	ANAPC11	markers of LM malignant clusters (mmc5)
Yu2025_LM_malignant	CXCL3	markers of LM malignant clusters (mmc5)
Yu2025_LM_malignant	C4orf48	markers of LM malignant clusters (mmc5)
Yu2025_LM_malignant	ANXA2	markers of LM malignant clusters (mmc5)
Yu2025_LM_malignant	RPL10	markers of LM malignant clusters (mmc5)
Yu2025_LM_malignant	ATPIF1	markers of LM malignant clusters (mmc5)
Yu2025_LM_malignant	C14orf166	markers of LM malignant clusters (mmc5)
Yu2025_LM_malignant	DNAJC15	markers of LM malignant clusters (mmc5)
Yu2025_LM_malignant	LSM5	markers of LM malignant clusters (mmc5)
Yu2025_LM_malignant	LAMTOR5	markers of LM malignant clusters (mmc5)
Yu2025_LM_malignant	GDF15	markers of LM malignant clusters (mmc5)
Yu2025_LM_malignant	LSM7	markers of LM malignant clusters (mmc5)
Yu2025_LM_malignant	RPS21	markers of LM malignant clusters (mmc5)
Yu2025_LM_malignant	TRMT112	markers of LM malignant clusters (mmc5)
Yu2025_LM_malignant	COX6A1	markers of LM malignant clusters (mmc5)
Yu2025_LM_malignant	RPS27L	markers of LM malignant clusters (mmc5)
Yu2025_LM_malignant	NDUFA2	markers of LM malignant clusters (mmc5)
Yu2025_LM_malignant	RPL27A	markers of LM malignant clusters (mmc5)
Yu2025_LM_malignant	MT-ATP8	markers of LM malignant clusters (mmc5)
Yu2025_LM_malignant	RPL37	markers of LM malignant clusters (mmc5)
Yu2025_LM_malignant	ALDOA	markers of LM malignant clusters (mmc5)
Yu2025_LM_malignant	NDUFA11	markers of LM malignant clusters (mmc5)
Yu2025_LM_malignant	TSPO	markers of LM malignant clusters (mmc5)
Yu2025_LM_malignant	COX4I1	markers of LM malignant clusters (mmc5)
Yu2025_LM_malignant	SRP14	markers of LM malignant clusters (mmc5)
Yu2025_LM_malignant	SPINT2	markers of LM malignant clusters (mmc5)
Yu2025_LM_malignant	IFITM2	markers of LM malignant clusters (mmc5)
Yu2025_LM_malignant	TCEB1	markers of LM malignant clusters (mmc5)
Yu2025_LM_malignant	UQCRB	markers of LM malignant clusters (mmc5)
Yu2025_LM_malignant	RPL32	markers of LM malignant clusters (mmc5)
Yu2025_LM_malignant	RPL3	markers of LM malignant clusters (mmc5)
Yu2025_LM_malignant	TUBA1B	markers of LM malignant clusters (mmc5)
Yu2025_LM_malignant	MT-TL1	markers of LM malignant clusters (mmc5)
Yu2025_LM_malignant	GPX4	markers of LM malignant clusters (mmc5)
Yu2025_LM_malignant	ATP5J	markers of LM malignant clusters (mmc5)
Yu2025_LM_malignant	EIF3I	markers of LM malignant clusters (mmc5)
Yu2025_LM_malignant	MRPL57	markers of LM malignant clusters (mmc5)
Yu2025_LM_malignant	CST3	markers of LM malignant clusters (mmc5)
Yu2025_LM_malignant	RPL18A	markers of LM malignant clusters (mmc5)
Yu2025_LM_malignant	C19orf53	markers of LM malignant clusters (mmc5)
Yu2025_LM_malignant	PRDX1	markers of LM malignant clusters (mmc5)
Yu2025_LM_malignant	NDUFA12	markers of LM malignant clusters (mmc5)
Yu2025_LM_malignant	RPS23	markers of LM malignant clusters (mmc5)
Yu2025_LM_malignant	EIF3E	markers of LM malignant clusters (mmc5)
Yu2025_LM_malignant	RPL7	markers of LM malignant clusters (mmc5)
Yu2025_LM_malignant	AC007969.5	markers of LM malignant clusters (mmc5)
Yu2025_LM_malignant	MPC2	markers of LM malignant clusters (mmc5)
Yu2025_LM_malignant	CLIC1	markers of LM malignant clusters (mmc5)
Yu2025_LM_malignant	ATP5F1	markers of LM malignant clusters (mmc5)
Yu2025_LM_malignant	RBX1	markers of LM malignant clusters (mmc5)
Yu2025_LM_malignant	CBX3	markers of LM malignant clusters (mmc5)
Yu2025_LM_malignant	PSME1	markers of LM malignant clusters (mmc5)
Yu2025_LM_malignant	GAPDH	markers of LM malignant clusters (mmc5)
Yu2025_LM_malignant	SLC12A2	markers of LM malignant clusters (mmc5)
Yu2025_LM_malignant	CCT5	markers of LM malignant clusters (mmc5)
Yu2025_LM_malignant	MGST2	markers of LM malignant clusters (mmc5)
Yu2025_LM_malignant	ZFAS1	markers of LM malignant clusters (mmc5)
Yu2025_LM_malignant	RPS28	markers of LM malignant clusters (mmc5)
Yu2025_LM_malignant	SHFM1	markers of LM malignant clusters (mmc5)
Yu2025_LM_malignant	RPLP1	markers of LM malignant clusters (mmc5)
Yu2025_LM_malignant	SLC25A3	markers of LM malignant clusters (mmc5)
Yu2025_LM_malignant	NDUFC2	markers of LM malignant clusters (mmc5)
Yu2025_LM_malignant	RPS20	markers of LM malignant clusters (mmc5)
Yu2025_LM_malignant	CYC1	markers of LM malignant clusters (mmc5)
Yu2025_LM_malignant	DAD1	markers of LM malignant clusters (mmc5)
Yu2025_LM_malignant	CLTA	markers of LM malignant clusters (mmc5)
Yu2025_LM_malignant	RACK1	markers of LM malignant clusters (mmc5)
Yu2025_LM_malignant	RP11-475C16.1	markers of LM malignant clusters (mmc5)
Yu2025_LM_malignant	LCN2	markers of LM malignant clusters (mmc5)
Yu2025_LM_malignant	YBX1	markers of LM malignant clusters (mmc5)
Yu2025_LM_malignant	NDUFA6	markers of LM malignant clusters (mmc5)
Yu2025_LM_malignant	ERGIC3	markers of LM malignant clusters (mmc5)
Yu2025_LM_malignant	NDUFB3	markers of LM malignant clusters (mmc5)
Yu2025_LM_malignant	SLC25A5	markers of LM malignant clusters (mmc5)
Yu2025_LM_malignant	NPM1	markers of LM malignant clusters (mmc5)
Yu2025_LM_malignant	RPS3	markers of LM malignant clusters (mmc5)
Yu2025_LM_malignant	FAM162A	markers of LM malignant clusters (mmc5)
Yu2025_LM_malignant	S100A11	markers of LM malignant clusters (mmc5)
Yu2025_LM_malignant	PABPC1	markers of LM malignant clusters (mmc5)
Yu2025_LM_malignant	KRT8	markers of LM malignant clusters (mmc5)
Yu2025_LM_malignant	CD46	markers of LM malignant clusters (mmc5)
Yu2025_LM_malignant	NDUFB9	markers of LM malignant clusters (mmc5)
Yu2025_LM_malignant	SRSF3	markers of LM malignant clusters (mmc5)
Yu2025_LM_malignant	COX5B	markers of LM malignant clusters (mmc5)
Yu2025_LM_malignant	PSMB1	markers of LM malignant clusters (mmc5)
Yu2025_LM_malignant	RPL36AL	markers of LM malignant clusters (mmc5)
Yu2025_LM_malignant	ETS2	markers of LM malignant clusters (mmc5)
Yu2025_LM_malignant	HSBP1	markers of LM malignant clusters (mmc5)
Yu2025_LM_malignant	ID1	markers of LM malignant clusters (mmc5)
Yu2025_LM_malignant	RPL4	markers of LM malignant clusters (mmc5)
Yu2025_LM_malignant	NACA	markers of LM malignant clusters (mmc5)
Yu2025_LM_malignant	FDPS	markers of LM malignant clusters (mmc5)
Yu2025_LM_malignant	NDUFB2	markers of LM malignant clusters (mmc5)
Yu2025_LM_malignant	ATP6V0E1	markers of LM malignant clusters (mmc5)
Yu2025_LM_malignant	SSBP1	markers of LM malignant clusters (mmc5)
Yu2025_LM_malignant	PDIA6	markers of LM malignant clusters (mmc5)
Yu2025_LM_malignant	PSME2	markers of LM malignant clusters (mmc5)
Yu2025_LM_malignant	ARPC3	markers of LM malignant clusters (mmc5)
Yu2025_LM_malignant	APRT	markers of LM malignant clusters (mmc5)
Yu2025_LM_malignant	HNRNPA1	markers of LM malignant clusters (mmc5)
Yu2025_LM_malignant	NPC2	markers of LM malignant clusters (mmc5)
Yu2025_LM_malignant	SNHG8	markers of LM malignant clusters (mmc5)
Yu2025_LM_malignant	C4orf3	markers of LM malignant clusters (mmc5)
Yu2025_LM_malignant	CD9	markers of LM malignant clusters (mmc5)
Yu2025_LM_malignant	UQCR10	markers of LM malignant clusters (mmc5)
Yu2025_LM_malignant	COPE	markers of LM malignant clusters (mmc5)
Yu2025_LM_malignant	NDUFB10	markers of LM malignant clusters (mmc5)
Yu2025_LM_malignant	RPS14	markers of LM malignant clusters (mmc5)
Yu2025_LM_malignant	RPL18AP3	markers of LM malignant clusters (mmc5)
Yu2025_LM_malignant	ALDH2	markers of LM malignant clusters (mmc5)
Yu2025_LM_malignant	PDIA3	markers of LM malignant clusters (mmc5)
Yu2025_LM_malignant	RPL13A	markers of LM malignant clusters (mmc5)
Yu2025_LM_malignant	PSMB3	markers of LM malignant clusters (mmc5)
Yu2025_LM_malignant	EDF1	markers of LM malignant clusters (mmc5)
Yu2025_LM_malignant	YWHAB	markers of LM malignant clusters (mmc5)
Yu2025_LM_malignant	PSMD8	markers of LM malignant clusters (mmc5)
Yu2025_LM_malignant	RPN2	markers of LM malignant clusters (mmc5)
Yu2025_LM_malignant	RAB11A	markers of LM malignant clusters (mmc5)
Yu2025_LM_malignant	NDUFB7	markers of LM malignant clusters (mmc5)
Yu2025_LM_malignant	HDGF	markers of LM malignant clusters (mmc5)
Yu2025_LM_malignant	TSC22D1	markers of LM malignant clusters (mmc5)
Yu2025_LM_malignant	TXNDC17	markers of LM malignant clusters (mmc5)
Yu2025_LM_malignant	OAZ1	markers of LM malignant clusters (mmc5)
Yu2025_LM_malignant	SLC25A6	markers of LM malignant clusters (mmc5)
Yu2025_LM_malignant	HMGN1	markers of LM malignant clusters (mmc5)
Yu2025_LM_malignant	GSTP1	markers of LM malignant clusters (mmc5)
Yu2025_LM_malignant	AGR2	markers of LM malignant clusters (mmc5)
Yu2025_LM_malignant	ATP5B	markers of LM malignant clusters (mmc5)
Yu2025_LM_malignant	MYL6	markers of LM malignant clusters (mmc5)
Yu2025_LM_malignant	RPL36A	markers of LM malignant clusters (mmc5)
Yu2025_LM_malignant	CNBP	markers of LM malignant clusters (mmc5)
Yu2025_LM_malignant	TPM1	markers of LM malignant clusters (mmc5)
Yu2025_LM_malignant	PPDPF	markers of LM malignant clusters (mmc5)
Yu2025_LM_malignant	ENO1	markers of LM malignant clusters (mmc5)
Yu2025_LM_malignant	MINOS1	markers of LM malignant clusters (mmc5)
Yu2025_LM_malignant	CAPNS1	markers of LM malignant clusters (mmc5)
Yu2025_LM_malignant	HSPD1	markers of LM malignant clusters (mmc5)
Yu2025_LM_malignant	EIF2S2	markers of LM malignant clusters (mmc5)
Yu2025_LM_malignant	CIB1	markers of LM malignant clusters (mmc5)
Yu2025_LM_malignant	RPS8	markers of LM malignant clusters (mmc5)
Yu2025_LM_malignant	RP11-543P15.1	markers of LM malignant clusters (mmc5)
Yu2025_LM_malignant	ATP5O	markers of LM malignant clusters (mmc5)
Yu2025_LM_malignant	FTH1	markers of LM malignant clusters (mmc5)
Yu2025_LM_malignant	ZNF706	markers of LM malignant clusters (mmc5)
Yu2025_LM_malignant	TCEB2	markers of LM malignant clusters (mmc5)
Yu2025_LM_malignant	SRP9	markers of LM malignant clusters (mmc5)
Yu2025_LM_malignant	TMEM141	markers of LM malignant clusters (mmc5)
Yu2025_LM_malignant	SPCS1	markers of LM malignant clusters (mmc5)
Yu2025_LM_malignant	SRSF7	markers of LM malignant clusters (mmc5)
Yu2025_LM_malignant	RPL12	markers of LM malignant clusters (mmc5)
Yu2025_LM_malignant	ACTG1	markers of LM malignant clusters (mmc5)
Yu2025_LM_malignant	GNAS	markers of LM malignant clusters (mmc5)
Yu2025_LM_malignant	PPA1	markers of LM malignant clusters (mmc5)
Yu2025_LM_malignant	PHGR1	markers of LM malignant clusters (mmc5)
Yu2025_LM_malignant	RPS2	markers of LM malignant clusters (mmc5)
Yu2025_LM_malignant	SSR2	markers of LM malignant clusters (mmc5)
Yu2025_LM_malignant	CLDN3	markers of LM malignant clusters (mmc5)
Yu2025_LM_malignant	TAGLN2	markers of LM malignant clusters (mmc5)
Yu2025_LM_malignant	SERP1	markers of LM malignant clusters (mmc5)
Yu2025_LM_malignant	EEF1D	markers of LM malignant clusters (mmc5)
Yu2025_LM_malignant	POMP	markers of LM malignant clusters (mmc5)
Yu2025_LM_malignant	EIF3H	markers of LM malignant clusters (mmc5)
Yu2025_LM_malignant	HNRNPA2B1	markers of LM malignant clusters (mmc5)
Yu2025_LM_malignant	ACTN4	markers of LM malignant clusters (mmc5)
Yu2025_LM_malignant	NDUFA1	markers of LM malignant clusters (mmc5)
Yu2025_LM_malignant	COMMD6	markers of LM malignant clusters (mmc5)
Yu2025_LM_malignant	SYNGR2	markers of LM malignant clusters (mmc5)
Yu2025_LM_malignant	PTGES3	markers of LM malignant clusters (mmc5)
Yu2025_LM_malignant	RPL7A	markers of LM malignant clusters (mmc5)
Yu2025_LM_malignant	RPL34	markers of LM malignant clusters (mmc5)
Yu2025_LM_malignant	RPL13P12	markers of LM malignant clusters (mmc5)
Yu2025_LM_malignant	RP11-466H18.1	markers of LM malignant clusters (mmc5)
Yu2025_LM_malignant	RP11-761N21.2	markers of LM malignant clusters (mmc5)
Yu2025_LM_malignant	RP5-827C21.1	markers of LM malignant clusters (mmc5)
Yu2025_LM_malignant	MT-TS2	markers of LM malignant clusters (mmc5)
Yu2025_LM_malignant	RPS23P8	markers of LM malignant clusters (mmc5)
Yu2025_LM_malignant	RPL12P4	markers of LM malignant clusters (mmc5)
Yu2025_LM_malignant	RPL7P1	markers of LM malignant clusters (mmc5)
Yu2025_LM_malignant	RP11-889L3.1	markers of LM malignant clusters (mmc5)
Yu2025_LM_malignant	RP11-112J1.1	markers of LM malignant clusters (mmc5)
Yu2025_LM_malignant	RP11-572P18.1	markers of LM malignant clusters (mmc5)
Yu2025_LM_malignant	RPL10P16	markers of LM malignant clusters (mmc5)
Yu2025_LM_malignant	AC090498.1	markers of LM malignant clusters (mmc5)
Yu2025_LM_malignant	FTLP3	markers of LM malignant clusters (mmc5)
Yu2025_LM_malignant	RP11-92K2.2	markers of LM malignant clusters (mmc5)
Yu2025_LM_malignant	RPL26P19	markers of LM malignant clusters (mmc5)
Yu2025_LM_malignant	RPL10P9	markers of LM malignant clusters (mmc5)
Yu2025_LM_malignant	RPL6P27	markers of LM malignant clusters (mmc5)
Yu2025_LM_malignant	RPLP0P6	markers of LM malignant clusters (mmc5)
Yu2025_LM_malignant	RPL15P3	markers of LM malignant clusters (mmc5)
Yu2025_LM_malignant	RPS15AP1	markers of LM malignant clusters (mmc5)
Yu2025_LM_malignant	RP11-425L10.1	markers of LM malignant clusters (mmc5)
Yu2025_LM_malignant	RP11-371A22.1	markers of LM malignant clusters (mmc5)
Yu2025_LM_malignant	RPL3P4	markers of LM malignant clusters (mmc5)
Yu2025_LM_malignant	MTCO3P12	markers of LM malignant clusters (mmc5)
Yu2025_LM_malignant	AC004453.8	markers of LM malignant clusters (mmc5)
Yu2025_LM_malignant	TACSTD2	markers of LM malignant clusters (mmc5)
Yu2025_LM_malignant	RPL31	markers of LM malignant clusters (mmc5)
Yu2025_LM_malignant	CTB-63M22.1	markers of LM malignant clusters (mmc5)
Yu2025_LM_malignant	MTCO1P12	markers of LM malignant clusters (mmc5)
Yu2025_LM_malignant	RPS28P7	markers of LM malignant clusters (mmc5)
Yu2025_LM_malignant	MT-TM	markers of LM malignant clusters (mmc5)
Yu2025_LM_malignant	RP11-864N7.2	markers of LM malignant clusters (mmc5)
Yu2025_LM_malignant	RPS3AP26	markers of LM malignant clusters (mmc5)
Yu2025_LM_malignant	RPS3AP6	markers of LM malignant clusters (mmc5)
Yu2025_LM_malignant	MTATP6P1	markers of LM malignant clusters (mmc5)
Yu2025_LM_malignant	RPL13	markers of LM malignant clusters (mmc5)
Yu2025_LM_malignant	SNHG25	markers of LM malignant clusters (mmc5)
Yu2025_LM_malignant	RPS13P2	markers of LM malignant clusters (mmc5)
Yu2025_LM_malignant	AC016739.2	markers of LM malignant clusters (mmc5)
Yu2025_LM_malignant	RPS6	markers of LM malignant clusters (mmc5)
Yu2025_LM_malignant	RPL26	markers of LM malignant clusters (mmc5)
Yu2025_LM_malignant	RPL22	markers of LM malignant clusters (mmc5)
Yu2025_LM_malignant	MT-TE	markers of LM malignant clusters (mmc5)
Yu2025_LM_malignant	CD24	markers of LM malignant clusters (mmc5)
Yu2025_LM_malignant	ADIRF	markers of LM malignant clusters (mmc5)
Yu2025_LM_malignant	CEACAM6	markers of LM malignant clusters (mmc5)
Yu2025_LM_malignant	GTF3A	markers of LM malignant clusters (mmc5)
Yu2025_LM_malignant	IFI27	markers of LM malignant clusters (mmc5)
Yu2025_LM_malignant	MT-RNR1	markers of LM malignant clusters (mmc5)
Yu2025_LM_malignant	EEF1A1	markers of LM malignant clusters (mmc5)
Yu2025_LM_malignant	NUDT4	markers of LM malignant clusters (mmc5)
Yu2025_LM_malignant	CD81	markers of LM malignant clusters (mmc5)
Yu2025_LM_malignant	RPL11	markers of LM malignant clusters (mmc5)
Yu2025_LM_malignant	SNHG6	markers of LM malignant clusters (mmc5)
Yu2025_LM_malignant	HSPB1	markers of LM malignant clusters (mmc5)
Yu2025_LM_malignant	RPS18	markers of LM malignant clusters (mmc5)
Yu2025_LM_malignant	ZFP36L1	markers of LM malignant clusters (mmc5)
Yu2025_LM_malignant	PERP	markers of LM malignant clusters (mmc5)
Yu2025_LM_malignant	MT-TI	markers of LM malignant clusters (mmc5)
Yu2025_LM_malignant	HSP90AA1	markers of LM malignant clusters (mmc5)
Yu2025_LM_malignant	RPS24	markers of LM malignant clusters (mmc5)
Yu2025_LM_malignant	FAM84A	markers of LM malignant clusters (mmc5)
Yu2025_LM_malignant	SOX4	markers of LM malignant clusters (mmc5)
Yu2025_LM_malignant	GAS5	markers of LM malignant clusters (mmc5)
Yu2025_LM_malignant	RPS12	markers of LM malignant clusters (mmc5)
Yu2025_LM_malignant	CDH17	markers of LM malignant clusters (mmc5)
Yu2025_LM_malignant	PCBD1	markers of LM malignant clusters (mmc5)
Yu2025_LM_malignant	S100A6	markers of LM malignant clusters (mmc5)
Yu2025_LM_malignant	EIF1	markers of LM malignant clusters (mmc5)
Yu2025_LM_malignant	ECHS1	markers of LM malignant clusters (mmc5)
Yu2025_LM_malignant	RP11-234A1.1	markers of LM malignant clusters (mmc5)
Yu2025_LM_malignant	DNAJA1	markers of LM malignant clusters (mmc5)
Yu2025_LM_malignant	CTD-2287O16.1	markers of LM malignant clusters (mmc5)
Yu2025_LM_malignant	USMG5	markers of LM malignant clusters (mmc5)
Yu2025_LM_malignant	JUP	markers of LM malignant clusters (mmc5)
Yu2025_LM_malignant	MYH9	markers of LM malignant clusters (mmc5)
Yu2025_LM_malignant	SRSF2	markers of LM malignant clusters (mmc5)
Yu2025_LM_malignant	MTND1P23	markers of LM malignant clusters (mmc5)
Yu2025_LM_malignant	RP11-462G2.1	markers of LM malignant clusters (mmc5)
Yu2025_LM_malignant	DPEP1	markers of LM malignant clusters (mmc5)
Yu2025_LM_malignant	TMEM176A	markers of LM malignant clusters (mmc5)
Yu2025_LM_malignant	CHCHD7	markers of LM malignant clusters (mmc5)
Yu2025_LM_malignant	SLC39A4	markers of LM malignant clusters (mmc5)
Yu2025_LM_malignant	HES1	markers of LM malignant clusters (mmc5)
Yu2025_LM_malignant	SCAND1	markers of LM malignant clusters (mmc5)
Yu2025_LM_malignant	TRIB1	markers of LM malignant clusters (mmc5)
Yu2025_LM_malignant	CCT3	markers of LM malignant clusters (mmc5)
Yu2025_LM_malignant	ENY2	markers of LM malignant clusters (mmc5)
Yu2025_LM_malignant	PRDX4	markers of LM malignant clusters (mmc5)
Yu2025_LM_malignant	MTND2P28	markers of LM malignant clusters (mmc5)
Yu2025_LM_malignant	RPS4X	markers of LM malignant clusters (mmc5)
Yu2025_LM_malignant	TMEM176B	markers of LM malignant clusters (mmc5)
Yu2025_LM_malignant	IRF2BP2	markers of LM malignant clusters (mmc5)
Yu2025_LM_malignant	COX17	markers of LM malignant clusters (mmc5)
Yu2025_LM_malignant	TOMM7	markers of LM malignant clusters (mmc5)
Yu2025_LM_malignant	PLP2	markers of LM malignant clusters (mmc5)
Yu2025_LM_malignant	MORF4L2	markers of LM malignant clusters (mmc5)
Yu2025_LM_malignant	HSPA1A	markers of LM malignant clusters (mmc5)
Yu2025_LM_malignant	HSPH1	markers of LM malignant clusters (mmc5)
Yu2025_LM_malignant	DYNLRB1	markers of LM malignant clusters (mmc5)
Yu2025_LM_malignant	NDUFB11	markers of LM malignant clusters (mmc5)
Yu2025_LM_malignant	SSR4	markers of LM malignant clusters (mmc5)
Yu2025_LM_malignant	TGFBI	markers of LM malignant clusters (mmc5)
Yu2025_LM_malignant	SQSTM1	markers of LM malignant clusters (mmc5)
Yu2025_LM_malignant	SAP18	markers of LM malignant clusters (mmc5)
Yu2025_LM_malignant	SAT1	markers of LM malignant clusters (mmc5)
Yu2025_LM_malignant	RBM39	markers of LM malignant clusters (mmc5)
Yu2025_LM_malignant	ARPC1B	markers of LM malignant clusters (mmc5)
Yu2025_LM_malignant	TIMP1	markers of LM malignant clusters (mmc5)
Yu2025_LM_malignant	HSP90AB1	markers of LM malignant clusters (mmc5)
Yu2025_LM_malignant	CXCL14	markers of LM malignant clusters (mmc5)
Yu2025_LM_malignant	NOTUM	markers of LM malignant clusters (mmc5)
Yu2025_LM_malignant	GGH	markers of LM malignant clusters (mmc5)
Yu2025_LM_malignant	SUCLA2	markers of LM malignant clusters (mmc5)
Yu2025_LM_malignant	KRT23	markers of LM malignant clusters (mmc5)
Yu2025_LM_malignant	NKD1	markers of LM malignant clusters (mmc5)
Yu2025_LM_malignant	BMP4	markers of LM malignant clusters (mmc5)
Yu2025_LM_malignant	SLC2A1	markers of LM malignant clusters (mmc5)
Yu2025_LM_malignant	ASCL2	markers of LM malignant clusters (mmc5)
Yu2025_LM_malignant	CYB5B	markers of LM malignant clusters (mmc5)
Yu2025_LM_malignant	UCHL3	markers of LM malignant clusters (mmc5)
Yu2025_LM_malignant	POLR1D	markers of LM malignant clusters (mmc5)
Yu2025_LM_malignant	YWHAQ	markers of LM malignant clusters (mmc5)
Yu2025_LM_malignant	AKR1C3	markers of LM malignant clusters (mmc5)
Yu2025_LM_malignant	NQO1	markers of LM malignant clusters (mmc5)
Yu2025_LM_malignant	ESD	markers of LM malignant clusters (mmc5)
Yu2025_LM_malignant	EIF4EBP1	markers of LM malignant clusters (mmc5)
Yu2025_LM_malignant	LAMP1	markers of LM malignant clusters (mmc5)
Yu2025_LM_malignant	ADRM1	markers of LM malignant clusters (mmc5)
Yu2025_LM_malignant	PFDN4	markers of LM malignant clusters (mmc5)
Yu2025_LM_malignant	CPNE1	markers of LM malignant clusters (mmc5)
Yu2025_LM_malignant	CTSA	markers of LM malignant clusters (mmc5)
Yu2025_LM_malignant	ACP1	markers of LM malignant clusters (mmc5)
Yu2025_LM_malignant	PFN1	markers of LM malignant clusters (mmc5)
Yu2025_LM_malignant	FAM96B	markers of LM malignant clusters (mmc5)
Yu2025_LM_malignant	HMGA1	markers of LM malignant clusters (mmc5)
Yu2025_LM_malignant	CCT6A	markers of LM malignant clusters (mmc5)
Yu2025_LM_malignant	REEP5	markers of LM malignant clusters (mmc5)
Yu2025_LM_malignant	RALY	markers of LM malignant clusters (mmc5)
Yu2025_LM_malignant	PARK7	markers of LM malignant clusters (mmc5)
Yu2025_LM_malignant	ARPC2	markers of LM malignant clusters (mmc5)
Yu2025_LM_malignant	ATP6V1G1	markers of LM malignant clusters (mmc5)
Yu2025_LM_malignant	CALM1	markers of LM malignant clusters (mmc5)
Yu2025_LM_malignant	ITM2B	markers of LM malignant clusters (mmc5)
Yu2025_LM_malignant	YWHAZ	markers of LM malignant clusters (mmc5)
Yu2025_LM_malignant	RHOA	markers of LM malignant clusters (mmc5)
Yu2025_LM_malignant	H1F0	markers of LM malignant clusters (mmc5)
Yu2025_LM_malignant	CKB	markers of LM malignant clusters (mmc5)
Yu2025_LM_malignant	PCBP1	markers of LM malignant clusters (mmc5)
Yu2025_LM_malignant	EPCAM	markers of LM malignant clusters (mmc5)
Yu2025_LM_malignant	RAC1	markers of LM malignant clusters (mmc5)
Yu2025_LM_malignant	MDH2	markers of LM malignant clusters (mmc5)
Yu2025_LM_malignant	ARF1	markers of LM malignant clusters (mmc5)
Yu2025_LM_malignant	CD151	markers of LM malignant clusters (mmc5)
Yu2025_LM_malignant	H3F3B	markers of LM malignant clusters (mmc5)
Yu2025_LM_malignant	GUK1	markers of LM malignant clusters (mmc5)
Yu2025_LM_malignant	ACTB	markers of LM malignant clusters (mmc5)
Yu2025_LM_malignant	HSPA8	markers of LM malignant clusters (mmc5)
Yu2025_LM_malignant	VAMP8	markers of LM malignant clusters (mmc5)
Yu2025_LM_malignant	SKP1	markers of LM malignant clusters (mmc5)
Yu2025_LM_malignant	KRT18	markers of LM malignant clusters (mmc5)
Yu2025_LM_malignant	MYC	markers of LM malignant clusters (mmc5)
Yu2025_LM_malignant	PAICS	markers of LM malignant clusters (mmc5)
Yu2025_LM_malignant	NONO	markers of LM malignant clusters (mmc5)
Yu2025_LM_malignant	NAA20	markers of LM malignant clusters (mmc5)
Yu2025_LM_malignant	KHSRP	markers of LM malignant clusters (mmc5)
Yu2025_LM_malignant	SCD	markers of LM malignant clusters (mmc5)
Yu2025_LM_malignant	PA2G4	markers of LM malignant clusters (mmc5)
Yu2025_LM_malignant	U2AF2	markers of LM malignant clusters (mmc5)
Yu2025_LM_malignant	HNRNPUL1	markers of LM malignant clusters (mmc5)
Yu2025_LM_malignant	TOP2A	markers of LM malignant clusters (mmc5)
Yu2025_LM_malignant	TCOF1	markers of LM malignant clusters (mmc5)
Yu2025_LM_malignant	MKI67	markers of LM malignant clusters (mmc5)
Yu2025_LM_malignant	NOP56	markers of LM malignant clusters (mmc5)
Yu2025_LM_malignant	RPL7AP6	markers of LM malignant clusters (mmc5)
Yu2025_LM_malignant	SF3B3	markers of LM malignant clusters (mmc5)
Yu2025_LM_malignant	NAP1L1	markers of LM malignant clusters (mmc5)
Yu2025_LM_malignant	HNRNPAB	markers of LM malignant clusters (mmc5)
Yu2025_LM_malignant	IMPDH2	markers of LM malignant clusters (mmc5)
Yu2025_LM_malignant	AXIN2	markers of LM malignant clusters (mmc5)
Yu2025_LM_malignant	MLF2	markers of LM malignant clusters (mmc5)
Yu2025_LM_malignant	BOLA3	markers of LM malignant clusters (mmc5)
Yu2025_LM_malignant	TNS4	markers of LM malignant clusters (mmc5)
Yu2025_LM_malignant	ATP1A1	markers of LM malignant clusters (mmc5)
Yu2025_LM_malignant	PPP1CC	markers of LM malignant clusters (mmc5)
Yu2025_LM_malignant	MT-ND1	markers of LM malignant clusters (mmc5)
Yu2025_LM_malignant	LARP1	markers of LM malignant clusters (mmc5)
Yu2025_LM_malignant	NCL	markers of LM malignant clusters (mmc5)
Yu2025_LM_malignant	RAB7A	markers of LM malignant clusters (mmc5)
Yu2025_LM_malignant	SRPK1	markers of LM malignant clusters (mmc5)
Yu2025_LM_malignant	SOX9	markers of LM malignant clusters (mmc5)
Yu2025_LM_malignant	CS	markers of LM malignant clusters (mmc5)
Yu2025_LM_malignant	RPL5P34	markers of LM malignant clusters (mmc5)
Yu2025_LM_malignant	THOC2	markers of LM malignant clusters (mmc5)
Yu2025_LM_malignant	SRRM1	markers of LM malignant clusters (mmc5)
Yu2025_LM_malignant	LRP4	markers of LM malignant clusters (mmc5)
Yu2025_LM_malignant	LAPTM4B	markers of LM malignant clusters (mmc5)
Yu2025_LM_malignant	EIF3A	markers of LM malignant clusters (mmc5)
Yu2025_LM_malignant	SET	markers of LM malignant clusters (mmc5)
Yu2025_LM_malignant	CDC25B	markers of LM malignant clusters (mmc5)
Yu2025_LM_malignant	DEK	markers of LM malignant clusters (mmc5)
Yu2025_LM_malignant	SF3B4	markers of LM malignant clusters (mmc5)
Yu2025_LM_malignant	FGGY	markers of LM malignant clusters (mmc5)
Yu2025_LM_malignant	AREG	markers of LM malignant clusters (mmc5)
Yu2025_LM_malignant	SF3A3	markers of LM malignant clusters (mmc5)
Yu2025_LM_malignant	CCT4	markers of LM malignant clusters (mmc5)
Yu2025_LM_malignant	CDK4	markers of LM malignant clusters (mmc5)
Yu2025_LM_malignant	HNRNPR	markers of LM malignant clusters (mmc5)
Yu2025_LM_malignant	DDX21	markers of LM malignant clusters (mmc5)
Yu2025_LM_malignant	KIF9	markers of LM malignant clusters (mmc5)
Yu2025_LM_malignant	CNN3	markers of LM malignant clusters (mmc5)
Yu2025_LM_malignant	FERMT1	markers of LM malignant clusters (mmc5)
Yu2025_LM_malignant	SNHG3	markers of LM malignant clusters (mmc5)
Yu2025_LM_malignant	HNRNPD	markers of LM malignant clusters (mmc5)
Yu2025_LM_malignant	CERS6	markers of LM malignant clusters (mmc5)
Yu2025_LM_malignant	MLEC	markers of LM malignant clusters (mmc5)
Yu2025_LM_malignant	ANP32B	markers of LM malignant clusters (mmc5)
Yu2025_LM_malignant	EPHB2	markers of LM malignant clusters (mmc5)
Yu2025_LM_malignant	PTP4A2	markers of LM malignant clusters (mmc5)
Yu2025_LM_malignant	BRD4	markers of LM malignant clusters (mmc5)
Yu2025_LM_malignant	UTP14A	markers of LM malignant clusters (mmc5)
Yu2025_LM_malignant	NFIX	markers of LM malignant clusters (mmc5)
Yu2025_LM_malignant	EI24	markers of LM malignant clusters (mmc5)
Yu2025_LM_malignant	FUS	markers of LM malignant clusters (mmc5)
Yu2025_LM_malignant	HSP90B1	markers of LM malignant clusters (mmc5)
Yu2025_LM_malignant	MT-ND2	markers of LM malignant clusters (mmc5)
Yu2025_LM_malignant	PTTG1	markers of LM malignant clusters (mmc5)
Yu2025_LM_malignant	ARHGDIB	markers of LM malignant clusters (mmc5)
Yu2025_LM_malignant	SNX12	markers of LM malignant clusters (mmc5)
Yu2025_LM_malignant	ATP2A2	markers of LM malignant clusters (mmc5)
Yu2025_LM_malignant	EREG	markers of LM malignant clusters (mmc5)
Yu2025_LM_malignant	DKC1	markers of LM malignant clusters (mmc5)
Yu2025_LM_malignant	DHCR24	markers of LM malignant clusters (mmc5)
Yu2025_LM_malignant	TRAP1	markers of LM malignant clusters (mmc5)
Yu2025_LM_malignant	FLNA	markers of LM malignant clusters (mmc5)
Yu2025_LM_malignant	RBBP7	markers of LM malignant clusters (mmc5)
Yu2025_LM_malignant	MCCC2	markers of LM malignant clusters (mmc5)
Yu2025_LM_malignant	PCNA	markers of LM malignant clusters (mmc5)
Yu2025_LM_malignant	BUB3	markers of LM malignant clusters (mmc5)
Yu2025_LM_malignant	THOP1	markers of LM malignant clusters (mmc5)
Yu2025_LM_malignant	HSPA1B	markers of LM malignant clusters (mmc5)
Yu2025_LM_malignant	ATP5H	markers of LM malignant clusters (mmc5)
Yu2025_LM_malignant	RCC1	markers of LM malignant clusters (mmc5)
Yu2025_LM_malignant	MT-ND4	markers of LM malignant clusters (mmc5)
Yu2025_LM_malignant	TRIM44	markers of LM malignant clusters (mmc5)
Yu2025_LM_malignant	SC22CB-1E7.1	markers of LM malignant clusters (mmc5)
Yu2025_LM_malignant	RBCK1	markers of LM malignant clusters (mmc5)
Yu2025_LM_malignant	COTL1	markers of LM malignant clusters (mmc5)
Yu2025_LM_malignant	CBX5	markers of LM malignant clusters (mmc5)
Yu2025_LM_malignant	EBP	markers of LM malignant clusters (mmc5)
Yu2025_LM_malignant	PSMD11	markers of LM malignant clusters (mmc5)
Yu2025_LM_malignant	PTMS	markers of LM malignant clusters (mmc5)
Yu2025_LM_malignant	RBM6	markers of LM malignant clusters (mmc5)
Yu2025_LM_malignant	CENPW	markers of LM malignant clusters (mmc5)
Yu2025_LM_malignant	FOSL1	markers of LM malignant clusters (mmc5)
Yu2025_LM_malignant	TPM4	markers of LM malignant clusters (mmc5)
Yu2025_LM_malignant	NOLC1	markers of LM malignant clusters (mmc5)
Yu2025_LM_malignant	KPNB1	markers of LM malignant clusters (mmc5)
Yu2025_LM_malignant	TMPRSS4	markers of LM malignant clusters (mmc5)
Yu2025_LM_malignant	TEX261	markers of LM malignant clusters (mmc5)
Yu2025_LM_malignant	TFDP1	markers of LM malignant clusters (mmc5)
Yu2025_LM_malignant	SSB	markers of LM malignant clusters (mmc5)
Yu2025_LM_malignant	TP53	markers of LM malignant clusters (mmc5)
Yu2025_LM_malignant	PSMD1	markers of LM malignant clusters (mmc5)
Yu2025_LM_malignant	EIF4B	markers of LM malignant clusters (mmc5)
Yu2025_LM_malignant	ETF1	markers of LM malignant clusters (mmc5)
Yu2025_LM_malignant	UBE2I	markers of LM malignant clusters (mmc5)
Yu2025_LM_malignant	ACSS1	markers of LM malignant clusters (mmc5)
Yu2025_LM_malignant	ST13	markers of LM malignant clusters (mmc5)
Yu2025_LM_malignant	TCP1	markers of LM malignant clusters (mmc5)
Yu2025_LM_malignant	GSK3A	markers of LM malignant clusters (mmc5)
Yu2025_LM_malignant	RPS7P10	markers of LM malignant clusters (mmc5)
Yu2025_LM_malignant	BCAP31	markers of LM malignant clusters (mmc5)
Yu2025_LM_malignant	EIF2S3	markers of LM malignant clusters (mmc5)
Yu2025_LM_malignant	PSMG1	markers of LM malignant clusters (mmc5)
Yu2025_LM_malignant	SMC4	markers of LM malignant clusters (mmc5)
Yu2025_LM_malignant	NUCKS1	markers of LM malignant clusters (mmc5)
Yu2025_LM_malignant	OGT	markers of LM malignant clusters (mmc5)
Yu2025_LM_malignant	PPM1G	markers of LM malignant clusters (mmc5)
Yu2025_LM_malignant	RAD50	markers of LM malignant clusters (mmc5)
Yu2025_LM_malignant	SSRP1	markers of LM malignant clusters (mmc5)
Yu2025_LM_malignant	EIF1AX	markers of LM malignant clusters (mmc5)
Yu2025_LM_malignant	RNF43	markers of LM malignant clusters (mmc5)
Yu2025_LM_malignant	TUG1	markers of LM malignant clusters (mmc5)
Yu2025_LM_malignant	RHOB	markers of LM malignant clusters (mmc5)
Yu2025_LM_malignant	MRPS35	markers of LM malignant clusters (mmc5)
Yu2025_LM_malignant	CCT7	markers of LM malignant clusters (mmc5)
Yu2025_LM_malignant	PPP1R1B	markers of LM malignant clusters (mmc5)
Yu2025_LM_malignant	CHMP3	markers of LM malignant clusters (mmc5)
Yu2025_LM_malignant	PHF5A	markers of LM malignant clusters (mmc5)
Yu2025_LM_malignant	ATRX	markers of LM malignant clusters (mmc5)
Yu2025_LM_malignant	PHLDA1	markers of LM malignant clusters (mmc5)
Yu2025_LM_malignant	IRAK1	markers of LM malignant clusters (mmc5)
Yu2025_LM_malignant	RBM3	markers of LM malignant clusters (mmc5)
Yu2025_LM_malignant	FKBP1A	markers of LM malignant clusters (mmc5)
Yu2025_LM_malignant	SMG7	markers of LM malignant clusters (mmc5)
Yu2025_LM_malignant	LINC00493	markers of LM malignant clusters (mmc5)
Yu2025_LM_malignant	RPL39P3	markers of LM malignant clusters (mmc5)
Yu2025_LM_malignant	TUBA1C	markers of LM malignant clusters (mmc5)
Yu2025_LM_malignant	EIF5B	markers of LM malignant clusters (mmc5)
Yu2025_LM_malignant	ZDHHC9	markers of LM malignant clusters (mmc5)
Yu2025_LM_malignant	MRPL4	markers of LM malignant clusters (mmc5)
Yu2025_LM_malignant	CSE1L	markers of LM malignant clusters (mmc5)
Yu2025_LM_malignant	GDE1	markers of LM malignant clusters (mmc5)
Yu2025_LM_malignant	CDX2	markers of LM malignant clusters (mmc5)
Yu2025_LM_malignant	HNRNPA3	markers of LM malignant clusters (mmc5)
Yu2025_LM_malignant	STK24	markers of LM malignant clusters (mmc5)
Yu2025_LM_malignant	G3BP1	markers of LM malignant clusters (mmc5)
Yu2025_LM_malignant	SMARCC1	markers of LM malignant clusters (mmc5)
Yu2025_LM_malignant	SFPQ	markers of LM malignant clusters (mmc5)
Yu2025_LM_malignant	TTC3	markers of LM malignant clusters (mmc5)
Yu2025_LM_malignant	ODC1	markers of LM malignant clusters (mmc5)
Yu2025_LM_malignant	MALSU1	markers of LM malignant clusters (mmc5)
Yu2025_LM_malignant	CSNK2A1	markers of LM malignant clusters (mmc5)
Yu2025_LM_malignant	DCAF7	markers of LM malignant clusters (mmc5)
Yu2025_LM_malignant	METTL9	markers of LM malignant clusters (mmc5)
Yu2025_LM_malignant	HTATSF1	markers of LM malignant clusters (mmc5)
Yu2025_LM_malignant	YWHAE	markers of LM malignant clusters (mmc5)
Yu2025_LM_malignant	MT-ATP6	markers of LM malignant clusters (mmc5)
Yu2025_LM_malignant	HUWE1	markers of LM malignant clusters (mmc5)
Yu2025_LM_malignant	NUTF2	markers of LM malignant clusters (mmc5)
Yu2025_LM_malignant	PSMC4	markers of LM malignant clusters (mmc5)
Yu2025_LM_malignant	ABHD14B	markers of LM malignant clusters (mmc5)
Yu2025_LM_malignant	UBA1	markers of LM malignant clusters (mmc5)
Yu2025_LM_malignant	CD44	markers of LM malignant clusters (mmc5)
Yu2025_LM_malignant	PPP1R15A	markers of LM malignant clusters (mmc5)
Yu2025_LM_malignant	MRPL37	markers of LM malignant clusters (mmc5)
Yu2025_LM_malignant	TRIM28	markers of LM malignant clusters (mmc5)
Yu2025_LM_malignant	HDAC1	markers of LM malignant clusters (mmc5)
Yu2025_LM_malignant	LRPPRC	markers of LM malignant clusters (mmc5)
Yu2025_LM_malignant	PPP1R14B	markers of LM malignant clusters (mmc5)
Yu2025_LM_malignant	MYH14	markers of LM malignant clusters (mmc5)
Yu2025_LM_malignant	SYNCRIP	markers of LM malignant clusters (mmc5)
Yu2025_LM_malignant	TGIF1	markers of LM malignant clusters (mmc5)
Yu2025_LM_malignant	RAB11FIP1	markers of LM malignant clusters (mmc5)
Yu2025_LM_malignant	TUBB	markers of LM malignant clusters (mmc5)
Yu2025_LM_malignant	MRPL48	markers of LM malignant clusters (mmc5)
Yu2025_LM_malignant	NSA2	markers of LM malignant clusters (mmc5)
Yu2025_LM_malignant	NOX1	markers of LM malignant clusters (mmc5)
Yu2025_LM_malignant	RSL1D1	markers of LM malignant clusters (mmc5)
Yu2025_LM_malignant	CNN2	markers of LM malignant clusters (mmc5)
Yu2025_LM_malignant	RRBP1	markers of LM malignant clusters (mmc5)
Yu2025_LM_malignant	WHSC1L1	markers of LM malignant clusters (mmc5)
Yu2025_LM_malignant	PHB2	markers of LM malignant clusters (mmc5)
Yu2025_LM_malignant	YTHDF2	markers of LM malignant clusters (mmc5)
Yu2025_LM_malignant	STT3B	markers of LM malignant clusters (mmc5)
Yu2025_LM_malignant	MALAT1	markers of LM malignant clusters (mmc5)
Yu2025_LM_malignant	RAB6A	markers of LM malignant clusters (mmc5)
Yu2025_LM_malignant	MCM7	markers of LM malignant clusters (mmc5)
Yu2025_LM_malignant	SFN	markers of LM malignant clusters (mmc5)
Yu2025_LM_malignant	PDAP1	markers of LM malignant clusters (mmc5)
Yu2025_LM_malignant	USP7	markers of LM malignant clusters (mmc5)
Yu2025_LM_malignant	ZC3H15	markers of LM malignant clusters (mmc5)
Yu2025_LM_malignant	DSP	markers of LM malignant clusters (mmc5)
Yu2025_LM_malignant	TM9SF2	markers of LM malignant clusters (mmc5)
Yu2025_LM_malignant	POLR2A	markers of LM malignant clusters (mmc5)
Yu2025_LM_malignant	SERBP1	markers of LM malignant clusters (mmc5)
Yu2025_LM_malignant	ANAPC5	markers of LM malignant clusters (mmc5)
Yu2025_LM_malignant	SND1	markers of LM malignant clusters (mmc5)
Yu2025_LM_malignant	HSPA9	markers of LM malignant clusters (mmc5)
Yu2025_LM_malignant	STX3	markers of LM malignant clusters (mmc5)
Yu2025_LM_malignant	SYAP1	markers of LM malignant clusters (mmc5)
Yu2025_LM_malignant	NUDC	markers of LM malignant clusters (mmc5)
Yu2025_LM_malignant	KHDRBS1	markers of LM malignant clusters (mmc5)
Yu2025_LM_malignant	RBM17	markers of LM malignant clusters (mmc5)
Yu2025_LM_malignant	SMAGP	markers of LM malignant clusters (mmc5)
Yu2025_LM_malignant	APEX1	markers of LM malignant clusters (mmc5)
Yu2025_LM_malignant	LRRC59	markers of LM malignant clusters (mmc5)
Yu2025_LM_malignant	CRLS1	markers of LM malignant clusters (mmc5)
Yu2025_LM_malignant	GPRC5A	markers of LM malignant clusters (mmc5)
Yu2025_LM_malignant	CLNS1A	markers of LM malignant clusters (mmc5)
Yu2025_LM_malignant	ILF3	markers of LM malignant clusters (mmc5)
Yu2025_LM_malignant	HP1BP3	markers of LM malignant clusters (mmc5)
Yu2025_LM_malignant	LAD1	markers of LM malignant clusters (mmc5)
Yu2025_LM_malignant	SF1	markers of LM malignant clusters (mmc5)
Yu2025_LM_malignant	CFTR	markers of LM malignant clusters (mmc5)
Yu2025_LM_malignant	EBNA1BP2	markers of LM malignant clusters (mmc5)
Yu2025_LM_malignant	CNOT1	markers of LM malignant clusters (mmc5)
Yu2025_LM_malignant	HNRNPF	markers of LM malignant clusters (mmc5)
Yu2025_LM_malignant	PCBP2	markers of LM malignant clusters (mmc5)
Yu2025_LM_malignant	EIF3B	markers of LM malignant clusters (mmc5)
Yu2025_LM_malignant	H2AFY	markers of LM malignant clusters (mmc5)
Yu2025_LM_malignant	DNAJC8	markers of LM malignant clusters (mmc5)
Yu2025_LM_malignant	GANAB	markers of LM malignant clusters (mmc5)
Yu2025_LM_malignant	GRSF1	markers of LM malignant clusters (mmc5)
Yu2025_LM_malignant	GLRX3	markers of LM malignant clusters (mmc5)
Yu2025_LM_malignant	SMARCA4	markers of LM malignant clusters (mmc5)
Yu2025_LM_malignant	RBMX	markers of LM malignant clusters (mmc5)
Yu2025_LM_malignant	MUC3A	markers of LM malignant clusters (mmc5)
Yu2025_LM_malignant	SNX5	markers of LM malignant clusters (mmc5)
Yu2025_LM_malignant	PABPC4	markers of LM malignant clusters (mmc5)
Yu2025_LM_malignant	TPM3	markers of LM malignant clusters (mmc5)
Yu2025_LM_malignant	STAU1	markers of LM malignant clusters (mmc5)
Yu2025_LM_malignant	GDI1	markers of LM malignant clusters (mmc5)
Yu2025_LM_malignant	AKAP1	markers of LM malignant clusters (mmc5)
Yu2025_LM_malignant	WASF2	markers of LM malignant clusters (mmc5)
Yu2025_LM_malignant	TRIOBP	markers of LM malignant clusters (mmc5)
Yu2025_LM_malignant	KARS	markers of LM malignant clusters (mmc5)
Yu2025_LM_malignant	HSD17B10	markers of LM malignant clusters (mmc5)
Yu2025_LM_malignant	THAP9-AS1	markers of LM malignant clusters (mmc5)
Yu2025_LM_malignant	SF3B2	markers of LM malignant clusters (mmc5)
Yu2025_LM_malignant	MARCKSL1	markers of LM malignant clusters (mmc5)
Yu2025_LM_malignant	AHNAK	markers of LM malignant clusters (mmc5)
Yu2025_LM_malignant	NOP58	markers of LM malignant clusters (mmc5)
Yu2025_LM_malignant	DHX9	markers of LM malignant clusters (mmc5)
Yu2025_LM_malignant	AHCYL1	markers of LM malignant clusters (mmc5)
Yu2025_LM_malignant	TRIM2	markers of LM malignant clusters (mmc5)
Yu2025_LM_malignant	DNAJB1	markers of LM malignant clusters (mmc5)
Yu2025_LM_malignant	PTBP1	markers of LM malignant clusters (mmc5)
Yu2025_LM_malignant	ZMYND8	markers of LM malignant clusters (mmc5)
Yu2025_LM_malignant	BCL2L1	markers of LM malignant clusters (mmc5)
Yu2025_LM_malignant	FBXO7	markers of LM malignant clusters (mmc5)
Yu2025_LM_malignant	GSPT1	markers of LM malignant clusters (mmc5)
Yu2025_LM_malignant	TMEM261	markers of LM malignant clusters (mmc5)
Yu2025_LM_malignant	THOC7	markers of LM malignant clusters (mmc5)
Yu2025_LM_malignant	HNRNPM	markers of LM malignant clusters (mmc5)
Yu2025_LM_malignant	TARS	markers of LM malignant clusters (mmc5)
Yu2025_LM_malignant	PPIG	markers of LM malignant clusters (mmc5)
Yu2025_LM_malignant	SLC3A2	markers of LM malignant clusters (mmc5)
Yu2025_LM_malignant	EIF3M	markers of LM malignant clusters (mmc5)
Yu2025_LM_malignant	SPTAN1	markers of LM malignant clusters (mmc5)
Yu2025_LM_malignant	PRPF40A	markers of LM malignant clusters (mmc5)
Yu2025_LM_malignant	TOP1	markers of LM malignant clusters (mmc5)
Yu2025_LM_malignant	TAF1D	markers of LM malignant clusters (mmc5)
Yu2025_LM_malignant	ZNF703	markers of LM malignant clusters (mmc5)
Yu2025_LM_malignant	TCF7L2	markers of LM malignant clusters (mmc5)
Yu2025_LM_malignant	DUS1L	markers of LM malignant clusters (mmc5)
Yu2025_LM_malignant	CHMP4B	markers of LM malignant clusters (mmc5)
Yu2025_LM_malignant	EGR1	markers of LM malignant clusters (mmc5)
Yu2025_LM_malignant	ARL6IP1	markers of LM malignant clusters (mmc5)
Yu2025_LM_malignant	UBXN4	markers of LM malignant clusters (mmc5)
Yu2025_LM_malignant	PPIF	markers of LM malignant clusters (mmc5)
Yu2025_LM_malignant	VIL1	markers of LM malignant clusters (mmc5)
Yu2025_LM_malignant	HNRNPK	markers of LM malignant clusters (mmc5)
Yu2025_LM_malignant	TOMM22	markers of LM malignant clusters (mmc5)
Yu2025_LM_malignant	DAZAP1	markers of LM malignant clusters (mmc5)
Yu2025_LM_malignant	KIF5B	markers of LM malignant clusters (mmc5)
Yu2025_LM_malignant	PSMB2	markers of LM malignant clusters (mmc5)
Yu2025_LM_malignant	SMS	markers of LM malignant clusters (mmc5)
Yu2025_LM_malignant	ANKRD10	markers of LM malignant clusters (mmc5)
Yu2025_LM_malignant	CAPZA1	markers of LM malignant clusters (mmc5)
Yu2025_LM_malignant	EPHA2	markers of LM malignant clusters (mmc5)
Yu2025_LM_malignant	FAM120A	markers of LM malignant clusters (mmc5)
Yu2025_LM_malignant	VPS35	markers of LM malignant clusters (mmc5)
Yu2025_LM_malignant	FH	markers of LM malignant clusters (mmc5)
Yu2025_LM_malignant	SEPT2	markers of LM malignant clusters (mmc5)
Yu2025_LM_malignant	DPM1	markers of LM malignant clusters (mmc5)
Yu2025_LM_malignant	PSMA5	markers of LM malignant clusters (mmc5)
Yu2025_LM_malignant	CCNI	markers of LM malignant clusters (mmc5)
Yu2025_LM_malignant	DARS	markers of LM malignant clusters (mmc5)
Yu2025_LM_malignant	SERPINB6	markers of LM malignant clusters (mmc5)
Yu2025_LM_malignant	PLBD1	markers of LM malignant clusters (mmc5)
Yu2025_LM_malignant	DDX18	markers of LM malignant clusters (mmc5)
Yu2025_LM_malignant	HNRNPU	markers of LM malignant clusters (mmc5)
Yu2025_LM_malignant	EIF2AK1	markers of LM malignant clusters (mmc5)
Yu2025_LM_malignant	JUN	markers of LM malignant clusters (mmc5)
Yu2025_LM_malignant	PMEPA1	markers of LM malignant clusters (mmc5)
Yu2025_LM_malignant	TFRC	markers of LM malignant clusters (mmc5)
Yu2025_LM_malignant	CSRP1	markers of LM malignant clusters (mmc5)
Yu2025_LM_malignant	EEF2	markers of LM malignant clusters (mmc5)
Yu2025_LM_malignant	PSMF1	markers of LM malignant clusters (mmc5)
Yu2025_LM_malignant	SSR1	markers of LM malignant clusters (mmc5)
Yu2025_LM_malignant	CEBPG	markers of LM malignant clusters (mmc5)
Yu2025_LM_malignant	CSDE1	markers of LM malignant clusters (mmc5)
Yu2025_LM_malignant	LMNA	markers of LM malignant clusters (mmc5)
Yu2025_LM_malignant	TMEM50A	markers of LM malignant clusters (mmc5)
Yu2025_LM_malignant	TKT	markers of LM malignant clusters (mmc5)
Yu2025_LM_malignant	MT1E	markers of LM malignant clusters (mmc5)
Yu2025_LM_malignant	RAD23A	markers of LM malignant clusters (mmc5)
Yu2025_LM_malignant	TALDO1	markers of LM malignant clusters (mmc5)
Yu2025_LM_malignant	TAP1	markers of LM malignant clusters (mmc5)
Yu2025_LM_malignant	LUC7L3	markers of LM malignant clusters (mmc5)
Yu2025_LM_malignant	DDIT4	markers of LM malignant clusters (mmc5)
Yu2025_LM_malignant	ST14	markers of LM malignant clusters (mmc5)
Yu2025_LM_malignant	BRD2	markers of LM malignant clusters (mmc5)
Yu2025_LM_malignant	EIF4G1	markers of LM malignant clusters (mmc5)
Yu2025_LM_malignant	ZFP36L2	markers of LM malignant clusters (mmc5)
Yu2025_LM_malignant	YME1L1	markers of LM malignant clusters (mmc5)
Yu2025_LM_malignant	ANXA4	markers of LM malignant clusters (mmc5)
Yu2025_LM_malignant	HNRNPL	markers of LM malignant clusters (mmc5)
Yu2025_LM_malignant	PLPP2	markers of LM malignant clusters (mmc5)
Yu2025_LM_malignant	SRSF9	markers of LM malignant clusters (mmc5)
Yu2025_LM_malignant	MLXIP	markers of LM malignant clusters (mmc5)
Yu2025_LM_malignant	IER3	markers of LM malignant clusters (mmc5)
Yu2025_LM_malignant	ANXA3	markers of LM malignant clusters (mmc5)
Yu2025_LM_malignant	CCT2	markers of LM malignant clusters (mmc5)
Yu2025_LM_malignant	PSMD3	markers of LM malignant clusters (mmc5)
Yu2025_LM_malignant	GSTO1	markers of LM malignant clusters (mmc5)
Yu2025_LM_malignant	CCT8	markers of LM malignant clusters (mmc5)
Yu2025_LM_malignant	COPB2	markers of LM malignant clusters (mmc5)
Yu2025_LM_malignant	XRCC5	markers of LM malignant clusters (mmc5)
Yu2025_LM_malignant	TRABD2A	markers of LM malignant clusters (mmc5)
Yu2025_LM_malignant	SLC1A5	markers of LM malignant clusters (mmc5)
Yu2025_LM_malignant	MCTS1	markers of LM malignant clusters (mmc5)
Yu2025_LM_malignant	NOL7	markers of LM malignant clusters (mmc5)
Yu2025_LM_malignant	EWSR1	markers of LM malignant clusters (mmc5)
Yu2025_LM_malignant	NDUFA10	markers of LM malignant clusters (mmc5)
Yu2025_LM_malignant	BRI3	markers of LM malignant clusters (mmc5)
Yu2025_LM_malignant	INSIG1	markers of LM malignant clusters (mmc5)
Yu2025_LM_malignant	AURKAIP1	markers of LM malignant clusters (mmc5)
Yu2025_LM_malignant	CAPZB	markers of LM malignant clusters (mmc5)
Yu2025_LM_malignant	MRPL24	markers of LM malignant clusters (mmc5)
Yu2025_LM_malignant	RAB10	markers of LM malignant clusters (mmc5)
Yu2025_LM_malignant	SRRM2	markers of LM malignant clusters (mmc5)
Yu2025_LM_malignant	SDC4	markers of LM malignant clusters (mmc5)
Yu2025_LM_malignant	SEC13	markers of LM malignant clusters (mmc5)
Yu2025_LM_malignant	IL2RG	markers of LM malignant clusters (mmc5)
Yu2025_LM_malignant	PDHA1	markers of LM malignant clusters (mmc5)
Yu2025_LM_malignant	ZFP36	markers of LM malignant clusters (mmc5)
Yu2025_LM_malignant	SNRNP70	markers of LM malignant clusters (mmc5)
Yu2025_LM_malignant	YBX3	markers of LM malignant clusters (mmc5)
Yu2025_LM_malignant	PON2	markers of LM malignant clusters (mmc5)
Yu2025_LM_malignant	COPZ1	markers of LM malignant clusters (mmc5)
Yu2025_LM_malignant	CMIP	markers of LM malignant clusters (mmc5)
Yu2025_LM_malignant	PPP4C	markers of LM malignant clusters (mmc5)
Yu2025_LM_malignant	RNF114	markers of LM malignant clusters (mmc5)
Yu2025_LM_malignant	SRSF10	markers of LM malignant clusters (mmc5)
Yu2025_LM_malignant	CDC42	markers of LM malignant clusters (mmc5)
Yu2025_LM_malignant	TUFM	markers of LM malignant clusters (mmc5)
Yu2025_LM_malignant	HMGB2	markers of LM malignant clusters (mmc5)
Yu2025_LM_malignant	LRRFIP1	markers of LM malignant clusters (mmc5)
Yu2025_LM_malignant	CTNND1	markers of LM malignant clusters (mmc5)
Yu2025_LM_malignant	CMBL	markers of LM malignant clusters (mmc5)
Yu2025_LM_malignant	CKAP4	markers of LM malignant clusters (mmc5)
Yu2025_LM_malignant	MTCH1	markers of LM malignant clusters (mmc5)
Yu2025_LM_malignant	RAD21	markers of LM malignant clusters (mmc5)
Yu2025_LM_malignant	NDUFA8	markers of LM malignant clusters (mmc5)
Yu2025_LM_malignant	CDX1	markers of LM malignant clusters (mmc5)
Yu2025_LM_malignant	PSMB7	markers of LM malignant clusters (mmc5)
Yu2025_LM_malignant	SLC25A39	markers of LM malignant clusters (mmc5)
Yu2025_LM_malignant	IDH1	markers of LM malignant clusters (mmc5)
Yu2025_LM_malignant	RNASET2	markers of LM malignant clusters (mmc5)
Yu2025_LM_malignant	MTDH	markers of LM malignant clusters (mmc5)
Yu2025_LM_malignant	TSPAN6	markers of LM malignant clusters (mmc5)
Yu2025_LM_malignant	GNB1	markers of LM malignant clusters (mmc5)
Yu2025_LM_malignant	ACTR3	markers of LM malignant clusters (mmc5)
Yu2025_LM_malignant	FXYD5	markers of LM malignant clusters (mmc5)
Yu2025_LM_malignant	TMCO1	markers of LM malignant clusters (mmc5)
Yu2025_LM_malignant	LDLR	markers of LM malignant clusters (mmc5)
Yu2025_LM_malignant	CANX	markers of LM malignant clusters (mmc5)
Yu2025_LM_malignant	HBEGF	markers of LM malignant clusters (mmc5)
Yu2025_LM_malignant	VEGFA	markers of LM malignant clusters (mmc5)
Yu2025_LM_malignant	TRIM31	markers of LM malignant clusters (mmc5)
Yu2025_LM_malignant	NR4A1	markers of LM malignant clusters (mmc5)
Yu2025_LM_malignant	BTG2	markers of LM malignant clusters (mmc5)
Yu2025_LM_malignant	ZNF185	markers of LM malignant clusters (mmc5)
Yu2025_LM_malignant	EMP1	markers of LM malignant clusters (mmc5)
Yu2025_LM_malignant	ELF3	markers of LM malignant clusters (mmc5)
Yu2025_LM_malignant	TINAGL1	markers of LM malignant clusters (mmc5)
Yu2025_LM_malignant	NFKBIA	markers of LM malignant clusters (mmc5)
Yu2025_LM_malignant	TOB1	markers of LM malignant clusters (mmc5)
Yu2025_LM_malignant	GABRE	markers of LM malignant clusters (mmc5)
Yu2025_LM_malignant	KLK10	markers of LM malignant clusters (mmc5)
Yu2025_LM_malignant	RP1-122P22.4	markers of LM malignant clusters (mmc5)
Yu2025_LM_malignant	CEACAM5	markers of LM malignant clusters (mmc5)
Yu2025_LM_malignant	KLF6	markers of LM malignant clusters (mmc5)
Yu2025_LM_malignant	TRIB3	markers of LM malignant clusters (mmc5)
Yu2025_LM_malignant	FOXQ1	markers of LM malignant clusters (mmc5)
Yu2025_LM_malignant	GJB3	markers of LM malignant clusters (mmc5)
Yu2025_LM_malignant	BHLHE40	markers of LM malignant clusters (mmc5)
Yu2025_LM_malignant	KRT80	markers of LM malignant clusters (mmc5)
Yu2025_LM_malignant	CDKN1A	markers of LM malignant clusters (mmc5)
Yu2025_LM_malignant	DUSP2	markers of LM malignant clusters (mmc5)
Yu2025_LM_malignant	MXD1	markers of LM malignant clusters (mmc5)
Yu2025_LM_malignant	B3GNT5	markers of LM malignant clusters (mmc5)
Yu2025_LM_malignant	CBX4	markers of LM malignant clusters (mmc5)
Yu2025_LM_malignant	BCL3	markers of LM malignant clusters (mmc5)
Yu2025_LM_malignant	FOSB	markers of LM malignant clusters (mmc5)
Yu2025_LM_malignant	SERPINB5	markers of LM malignant clusters (mmc5)
Yu2025_LM_malignant	JUNB	markers of LM malignant clusters (mmc5)
Yu2025_LM_malignant	EPB41L1	markers of LM malignant clusters (mmc5)
Yu2025_LM_malignant	CLDN4	markers of LM malignant clusters (mmc5)
Yu2025_LM_malignant	EFNB1	markers of LM malignant clusters (mmc5)
Yu2025_LM_malignant	SLC6A8	markers of LM malignant clusters (mmc5)
Yu2025_LM_malignant	GRIN2D	markers of LM malignant clusters (mmc5)
Yu2025_LM_malignant	COL17A1	markers of LM malignant clusters (mmc5)
Yu2025_LM_malignant	SREBF1	markers of LM malignant clusters (mmc5)
Yu2025_LM_malignant	EFNA1	markers of LM malignant clusters (mmc5)
Yu2025_LM_malignant	TNFAIP3	markers of LM malignant clusters (mmc5)
Yu2025_LM_malignant	EZR	markers of LM malignant clusters (mmc5)
Yu2025_LM_malignant	KRT19	markers of LM malignant clusters (mmc5)
Yu2025_LM_malignant	MCL1	markers of LM malignant clusters (mmc5)
Yu2025_LM_malignant	ZC3H12A	markers of LM malignant clusters (mmc5)
Yu2025_LM_malignant	ABHD11	markers of LM malignant clusters (mmc5)
Yu2025_LM_malignant	C6orf132	markers of LM malignant clusters (mmc5)
Yu2025_LM_malignant	SH3KBP1	markers of LM malignant clusters (mmc5)
Yu2025_LM_malignant	PHLDA2	markers of LM malignant clusters (mmc5)
Yu2025_LM_malignant	GADD45A	markers of LM malignant clusters (mmc5)
Yu2025_LM_malignant	MIDN	markers of LM malignant clusters (mmc5)
Yu2025_LM_malignant	FABP1	markers of LM malignant clusters (mmc5)
Yu2025_LM_malignant	CXCL1	markers of LM malignant clusters (mmc5)
Yu2025_LM_malignant	CYP2S1	markers of LM malignant clusters (mmc5)
Yu2025_LM_malignant	TMPRSS2	markers of LM malignant clusters (mmc5)
Yu2025_LM_malignant	ANXA11	markers of LM malignant clusters (mmc5)
Yu2025_LM_malignant	TRAF4	markers of LM malignant clusters (mmc5)
Yu2025_LM_malignant	EHF	markers of LM malignant clusters (mmc5)
Yu2025_LM_malignant	LAMC2	markers of LM malignant clusters (mmc5)
Yu2025_LM_malignant	DUSP1	markers of LM malignant clusters (mmc5)
Yu2025_LM_malignant	RND3	markers of LM malignant clusters (mmc5)
Yu2025_LM_malignant	SCNN1A	markers of LM malignant clusters (mmc5)
Yu2025_LM_malignant	LENG8	markers of LM malignant clusters (mmc5)
Yu2025_LM_malignant	NRARP	markers of LM malignant clusters (mmc5)
Yu2025_LM_malignant	SOWAHC	markers of LM malignant clusters (mmc5)
Yu2025_LM_malignant	HMGCS1	markers of LM malignant clusters (mmc5)
Yu2025_LM_malignant	ADIPOR2	markers of LM malignant clusters (mmc5)
Yu2025_LM_malignant	JUND	markers of LM malignant clusters (mmc5)
Yu2025_LM_malignant	IDS	markers of LM malignant clusters (mmc5)
Yu2025_LM_malignant	MUC13	markers of LM malignant clusters (mmc5)
Yu2025_LM_malignant	PLEC	markers of LM malignant clusters (mmc5)
Yu2025_LM_malignant	TMBIM1	markers of LM malignant clusters (mmc5)
Yu2025_LM_malignant	IER2	markers of LM malignant clusters (mmc5)
Yu2025_LM_malignant	MSMO1	markers of LM malignant clusters (mmc5)
Yu2025_LM_malignant	IFRD1	markers of LM malignant clusters (mmc5)
Yu2025_LM_malignant	SERPINB1	markers of LM malignant clusters (mmc5)
Yu2025_LM_malignant	SLC20A1	markers of LM malignant clusters (mmc5)
Yu2025_LM_malignant	CXADR	markers of LM malignant clusters (mmc5)
Yu2025_LM_malignant	UBE2R2	markers of LM malignant clusters (mmc5)
Yu2025_LM_malignant	KLF4	markers of LM malignant clusters (mmc5)
Yu2025_LM_malignant	PDXK	markers of LM malignant clusters (mmc5)
Yu2025_LM_malignant	PLAUR	markers of LM malignant clusters (mmc5)
Yu2025_LM_malignant	GARS	markers of LM malignant clusters (mmc5)
Yu2025_LM_malignant	ARF4	markers of LM malignant clusters (mmc5)
Yu2025_LM_malignant	OAF	markers of LM malignant clusters (mmc5)
Yu2025_LM_malignant	CSNK1E	markers of LM malignant clusters (mmc5)
Yu2025_LM_malignant	VDAC2	markers of LM malignant clusters (mmc5)
Yu2025_LM_malignant	SSBP3	markers of LM malignant clusters (mmc5)
Yu2025_LM_malignant	BLCAP	markers of LM malignant clusters (mmc5)
Yu2025_LM_malignant	MMP7	markers of LM malignant clusters (mmc5)
Yu2025_LM_malignant	CAST	markers of LM malignant clusters (mmc5)
Yu2025_LM_malignant	AHCYL2	markers of LM malignant clusters (mmc5)
Yu2025_LM_malignant	MAL2	markers of LM malignant clusters (mmc5)
Yu2025_LM_malignant	ATP10B	markers of LM malignant clusters (mmc5)
Yu2025_LM_malignant	ZBTB7A	markers of LM malignant clusters (mmc5)
Yu2025_LM_malignant	ADGRE5	markers of LM malignant clusters (mmc5)
Yu2025_LM_malignant	PRELID3B	markers of LM malignant clusters (mmc5)
Yu2025_LM_malignant	PIM3	markers of LM malignant clusters (mmc5)
Yu2025_LM_malignant	ARCN1	markers of LM malignant clusters (mmc5)
Yu2025_LM_malignant	SH3BGRL3	markers of LM malignant clusters (mmc5)
Yu2025_LM_malignant	PDLIM1	markers of LM malignant clusters (mmc5)
Yu2025_LM_malignant	CEACAM1	markers of LM malignant clusters (mmc5)
Yu2025_LM_malignant	TJP2	markers of LM malignant clusters (mmc5)
Yu2025_LM_malignant	KRT20	markers of LM malignant clusters (mmc5)
Yu2025_LM_malignant	ID2	markers of LM malignant clusters (mmc5)
Yu2025_LM_malignant	S100A14	markers of LM malignant clusters (mmc5)
Yu2025_LM_malignant	KMT2E	markers of LM malignant clusters (mmc5)
Yu2025_LM_malignant	NAMPT	markers of LM malignant clusters (mmc5)
Yu2025_LM_malignant	CYP3A5	markers of LM malignant clusters (mmc5)
Yu2025_LM_malignant	PSAP	markers of LM malignant clusters (mmc5)
Yu2025_LM_malignant	EPS8L3	markers of LM malignant clusters (mmc5)
Yu2025_LM_malignant	TM4SF1	markers of LM malignant clusters (mmc5)
Yu2025_LM_malignant	ACSL3	markers of LM malignant clusters (mmc5)
Yu2025_LM_malignant	HSD11B2	markers of LM malignant clusters (mmc5)
Yu2025_LM_malignant	FLNB	markers of LM malignant clusters (mmc5)
Yu2025_LM_malignant	KIAA1522	markers of LM malignant clusters (mmc5)
Yu2025_LM_malignant	NDFIP1	markers of LM malignant clusters (mmc5)
Yu2025_LM_malignant	TNFRSF12A	markers of LM malignant clusters (mmc5)
Yu2025_LM_malignant	HEBP2	markers of LM malignant clusters (mmc5)
Yu2025_LM_malignant	SDCBP	markers of LM malignant clusters (mmc5)
Yu2025_LM_malignant	ARGLU1	markers of LM malignant clusters (mmc5)
Yu2025_LM_malignant	ATF3	markers of LM malignant clusters (mmc5)
Yu2025_LM_malignant	CAMK2N1	markers of LM malignant clusters (mmc5)
Yu2025_LM_malignant	PDCD6IP	markers of LM malignant clusters (mmc5)
Yu2025_LM_malignant	LAMB3	markers of LM malignant clusters (mmc5)
Yu2025_LM_malignant	ATP1B1	markers of LM malignant clusters (mmc5)
Yu2025_LM_malignant	CDH1	markers of LM malignant clusters (mmc5)
Yu2025_LM_malignant	HEPH	markers of LM malignant clusters (mmc5)
Yu2025_LM_malignant	CAP1	markers of LM malignant clusters (mmc5)
Yu2025_LM_malignant	ADIPOR1	markers of LM malignant clusters (mmc5)
Yu2025_LM_malignant	ITGB4	markers of LM malignant clusters (mmc5)
Yu2025_LM_malignant	LLGL2	markers of LM malignant clusters (mmc5)
Yu2025_LM_malignant	ANXA1	markers of LM malignant clusters (mmc5)
Yu2025_LM_malignant	DDR1	markers of LM malignant clusters (mmc5)
Yu2025_LM_malignant	GIPC1	markers of LM malignant clusters (mmc5)
Yu2025_LM_malignant	FOS	markers of LM malignant clusters (mmc5)
Yu2025_LM_malignant	DNM2	markers of LM malignant clusters (mmc5)
Yu2025_LM_malignant	NORAD	markers of LM malignant clusters (mmc5)
Yu2025_LM_malignant	C12orf75	markers of LM malignant clusters (mmc5)
Yu2025_LM_malignant	CCNL1	markers of LM malignant clusters (mmc5)
Yu2025_LM_malignant	PLSCR1	markers of LM malignant clusters (mmc5)
Yu2025_LM_malignant	ASS1	markers of LM malignant clusters (mmc5)
Yu2025_LM_malignant	TAX1BP1	markers of LM malignant clusters (mmc5)
Yu2025_LM_malignant	ERBB3	markers of LM malignant clusters (mmc5)
Yu2025_LM_malignant	HDLBP	markers of LM malignant clusters (mmc5)
Yu2025_LM_malignant	OS9	markers of LM malignant clusters (mmc5)
Yu2025_LM_malignant	MISP	markers of LM malignant clusters (mmc5)
